Area,Rooms,Furnishing_status,No_Of_Wndows,Price
1318,4,1,7,76
1403,5,0,7,95
1416,5,0,7,92
1379,4,1,6,74
1420,5,0,7,91
1391,4,1,8,80
1417,5,0,7,93
1353,4,1,7,79
1323,4,1,7,78
1445,5,0,6,86
1500,5,0,6,85
1378,4,1,6,73
1417,5,0,6,90
1463,5,0,8,97
1468,5,0,8,100
1405,5,0,8,98
1381,4,1,8,83
1319,4,1,8,80
1442,5,0,7,91
1322,4,1,7,76
1444,5,0,6,88
1308,4,1,7,77
1470,5,0,6,87
1464,5,0,6,88
1499,5,0,8,99
1473,5,0,6,85
1462,5,0,6,89
1326,4,1,6,71
1375,4,1,6,71
1416,5,0,8,100
1428,5,0,7,94
1330,4,1,6,72
1482,5,0,8,96
1469,5,0,8,97
1324,4,1,6,73
1475,5,0,7,93
1458,5,0,6,89
1451,5,0,6,88
1348,4,1,6,70
1381,4,1,7,80
1331,4,1,6,73
1471,5,0,8,99
1457,5,0,7,95
1360,4,1,8,80
1397,4,1,6,74
1470,5,0,6,87
1425,5,0,6,88
1363,4,1,8,85
1322,4,1,6,74
1456,5,0,6,90
1362,4,1,8,81
1450,5,0,7,95
1307,4,1,8,82
1347,4,1,7,76
1379,4,1,7,78
1490,5,0,8,98
1407,5,0,7,90
1448,5,0,7,92
1419,5,0,7,92
1329,4,1,8,81
1331,4,1,7,80
1484,5,0,8,97
1443,5,0,7,92
1484,5,0,7,90
1308,4,1,6,72
1354,4,1,8,80
1464,5,0,8,95
1498,5,0,7,94
1303,4,1,8,82
1500,5,0,7,91
1337,4,1,7,76
1415,5,0,8,97
1344,4,1,6,72
1310,4,1,8,82
1315,4,1,6,70
1350,4,1,8,82
1341,4,1,8,82
1471,5,0,7,94
1408,5,0,7,94
1489,5,0,6,89
1318,4,1,8,84
1433,5,0,7,95
1332,4,1,6,72
1378,4,1,6,70
1416,5,0,8,96
1309,4,1,7,76
1376,4,1,6,74
1492,5,0,6,85
1483,5,0,7,92
1417,5,0,8,99
1385,4,1,6,74
1387,4,1,7,76
1427,5,0,8,96
1338,4,1,8,83
1412,5,0,6,90
1301,4,1,6,72
1374,4,1,8,84
1361,4,1,6,72
1480,5,0,8,98
1304,4,1,8,82
1479,5,0,6,86
1326,4,1,7,75
1394,4,1,6,75
1458,5,0,6,88
1328,4,1,6,72
1457,5,0,7,94
1393,4,1,6,73
1398,4,1,7,79
1381,4,1,7,75
1464,5,0,6,88
1400,4,1,7,76
1429,5,0,8,96
1432,5,0,7,91
1424,5,0,8,99
1375,4,1,7,78
1457,5,0,7,95
1499,5,0,8,97
1418,5,0,6,86
1349,4,1,7,76
1413,5,0,8,99
1431,5,0,6,89
1483,5,0,8,95
1496,5,0,7,93
1372,4,1,6,71
1304,4,1,8,82
1434,5,0,7,91
1494,5,0,8,97
1347,4,1,7,77
1438,5,0,8,96
1431,5,0,7,90
1496,5,0,6,88
1312,4,1,7,80
1315,4,1,8,81
1466,5,0,6,87
1392,4,1,8,82
1307,4,1,7,78
1486,5,0,6,88
1432,5,0,6,89
1483,5,0,7,94
1491,5,0,6,88
1386,4,1,6,70
1386,4,1,8,83
1448,5,0,7,91
1457,5,0,7,94
1471,5,0,8,97
1423,5,0,7,90
1405,5,0,7,92
1316,4,1,7,77
1358,4,1,7,77
1462,5,0,6,89
1418,5,0,7,95
1473,5,0,7,91
1331,4,1,8,80
1416,5,0,8,98
1403,5,0,6,87
1351,4,1,8,84
1340,4,1,6,73
1367,4,1,6,74
1412,5,0,7,92
1411,5,0,7,90
1312,4,1,8,81
1493,5,0,6,87
1347,4,1,7,79
1454,5,0,7,91
1471,5,0,8,97
1313,4,1,6,74
1427,5,0,7,90
1344,4,1,7,76
1326,4,1,7,79
1399,4,1,7,80
1327,4,1,8,85
1357,4,1,6,72
1347,4,1,8,80
1484,5,0,6,86
1359,4,1,6,73
1304,4,1,6,74
1446,5,0,7,92
1409,5,0,8,97
1336,4,1,7,78
1359,4,1,6,75
1433,5,0,8,96
1494,5,0,8,98
1357,4,1,6,74
1498,5,0,6,88
1405,5,0,6,89
1498,5,0,6,88
1303,4,1,6,72
1313,4,1,7,75
1387,4,1,6,70
1349,4,1,8,82
1491,5,0,6,89
1332,4,1,6,73
1365,4,1,7,77
1399,4,1,6,71
1369,4,1,6,73
1328,4,1,6,74
1458,5,0,7,93
1305,4,1,7,76
1301,4,1,8,81
1306,4,1,6,70
1461,5,0,7,94
1449,5,0,7,94
1300,3,2,6,57
1301,4,1,8,82
1315,4,1,8,84
1314,4,1,7,75
1422,5,0,7,94
1494,5,0,6,87
1433,5,0,6,85
1320,4,1,8,84
1458,5,0,8,95
1375,4,1,8,84
1449,5,0,6,87
1417,5,0,8,97
1314,4,1,6,72
1364,4,1,6,70
1463,5,0,8,98
1404,5,0,6,86
1391,4,1,7,76
1356,4,1,8,81
1468,5,0,7,92
1307,4,1,7,80
1398,4,1,7,75
1439,5,0,6,85
1310,4,1,6,71
1452,5,0,6,89
1447,5,0,7,94
1341,4,1,7,77
1369,4,1,8,83
1354,4,1,6,75
1494,5,0,7,95
1352,4,1,6,71
1447,5,0,7,91
1463,5,0,8,99
1418,5,0,8,95
1311,4,1,8,80
1330,4,1,8,82
1453,5,0,8,100
1450,5,0,8,98
1493,5,0,7,93
1423,5,0,7,94
1430,5,0,6,87
1447,5,0,6,88
1377,4,1,7,76
1305,4,1,6,70
1302,4,1,8,82
1406,5,0,7,95
1358,4,1,7,76
1440,5,0,7,95
1429,5,0,7,94
1339,4,1,8,82
1420,5,0,7,93
1395,4,1,6,75
1407,5,0,7,93
1359,4,1,7,77
1419,5,0,7,92
1377,4,1,6,72
1365,4,1,6,73
1362,4,1,8,80
1469,5,0,6,86
1430,5,0,6,88
1492,5,0,8,95
1452,5,0,8,98
1467,5,0,8,97
1492,5,0,6,86
1407,5,0,6,87
1345,4,1,8,80
1419,5,0,8,98
1458,5,0,8,98
1332,4,1,7,79
1445,5,0,8,97
1367,4,1,6,70
1329,4,1,7,77
1499,5,0,8,96
1498,5,0,8,98
1376,4,1,7,78
1388,4,1,7,75
1460,5,0,6,88
1390,4,1,8,80
1468,5,0,7,95
1333,4,1,6,70
1389,4,1,8,82
1474,5,0,8,96
1320,4,1,8,81
1318,4,1,7,78
1386,4,1,8,85
1307,4,1,8,83
1369,4,1,8,81
1341,4,1,8,85
1409,5,0,7,91
1398,4,1,8,84
1393,4,1,7,76
1342,4,1,8,84
1429,5,0,8,96
1497,5,0,8,100
1415,5,0,6,89
1324,4,1,7,75
1416,5,0,7,91
1463,5,0,8,100
1499,5,0,6,86
1486,5,0,7,93
1345,4,1,7,78
1451,5,0,8,96
1495,5,0,6,90
1336,4,1,6,74
1466,5,0,6,89
1466,5,0,7,91
1424,5,0,8,100
1443,5,0,8,97
1327,4,1,6,72
1418,5,0,6,86
1343,4,1,6,71
1344,4,1,7,77
1450,5,0,6,86
1320,4,1,6,75
1322,4,1,7,80
1392,4,1,6,73
1444,5,0,6,85
1375,4,1,8,81
1442,5,0,8,98
1420,5,0,8,100
1375,4,1,7,80
1464,5,0,7,91
1325,4,1,6,71
1470,5,0,7,95
1369,4,1,7,79
1490,5,0,7,95
1361,4,1,8,85
1397,4,1,8,80
1331,4,1,6,73
1449,5,0,8,99
1473,5,0,7,91
1423,5,0,6,88
1383,4,1,6,73
1394,4,1,8,82
1354,4,1,6,73
1451,5,0,6,90
1407,5,0,7,93
1330,4,1,8,81
1434,5,0,7,95
1445,5,0,7,91
1301,4,1,7,79
1497,5,0,8,95
1425,5,0,6,86
1343,4,1,6,73
1456,5,0,6,86
1465,5,0,8,97
1378,4,1,8,85
1363,4,1,7,79
1318,4,1,6,70
1372,4,1,8,81
1422,5,0,7,93
1392,4,1,6,74
1382,4,1,6,73
1384,4,1,8,82
1344,4,1,7,76
1497,5,0,8,95
1486,5,0,7,93
1476,5,0,8,99
1478,5,0,8,99
1418,5,0,7,91
1450,5,0,8,97
1443,5,0,6,87
1410,5,0,7,91
1418,5,0,6,87
1412,5,0,8,100
1424,5,0,7,91
1394,4,1,7,77
1346,4,1,7,75
1334,4,1,8,84
1481,5,0,7,90
1461,5,0,6,89
1375,4,1,6,74
1360,4,1,6,73
1381,4,1,6,72
1304,4,1,8,81
1328,4,1,6,70
1394,4,1,6,71
1432,5,0,8,95
1384,4,1,7,75
1408,5,0,8,97
1418,5,0,7,93
1339,4,1,6,71
1339,4,1,7,80
1320,4,1,8,84
1373,4,1,7,78
1318,4,1,7,77
1472,5,0,7,94
1415,5,0,6,85
1394,4,1,7,79
1359,4,1,8,81
1370,4,1,7,76
1386,4,1,6,74
1357,4,1,7,80
1338,4,1,8,82
1399,4,1,6,73
1362,4,1,7,80
1465,5,0,8,95
1392,4,1,6,75
1305,4,1,8,81
1307,4,1,7,78
1354,4,1,6,73
1448,5,0,6,87
1314,4,1,7,78
1364,4,1,6,72
1433,5,0,8,98
1307,4,1,8,85
1471,5,0,6,85
1382,4,1,6,71
1360,4,1,8,84
1407,5,0,6,85
1427,5,0,6,86
1413,5,0,6,88
1415,5,0,6,86
1483,5,0,6,90
1468,5,0,8,98
1397,4,1,6,73
1368,4,1,8,82
1346,4,1,8,80
1355,4,1,8,84
1446,5,0,6,87
1431,5,0,6,88
1495,5,0,7,92
1369,4,1,6,70
1435,5,0,6,88
1437,5,0,7,93
1318,4,1,6,71
1391,4,1,7,76
1389,4,1,6,70
1376,4,1,8,80
1485,5,0,8,97
1371,4,1,6,72
1436,5,0,7,92
1464,5,0,7,94
1424,5,0,8,100
1418,5,0,8,99
1486,5,0,6,89
1319,4,1,7,76
1473,5,0,7,90
1388,4,1,6,74
1388,4,1,7,80
1469,5,0,6,88
1314,4,1,7,77
1464,5,0,8,100
1322,4,1,7,80
1369,4,1,6,70
1307,4,1,8,85
1353,4,1,7,79
1322,4,1,8,85
1356,4,1,6,73
1492,5,0,8,97
1485,5,0,8,100
1400,4,1,7,79
1474,5,0,8,99
1411,5,0,8,98
1367,4,1,8,84
1338,4,1,6,71
1312,4,1,8,80
1313,4,1,8,81
1345,4,1,7,75
1344,4,1,8,83
1359,4,1,6,72
1478,5,0,7,93
1447,5,0,7,94
1385,4,1,8,82
1321,4,1,8,80
1462,5,0,8,96
1470,5,0,7,95
1440,5,0,7,95
1455,5,0,6,88
1483,5,0,7,95
1423,5,0,8,98
1406,5,0,6,85
1450,5,0,8,96
1373,4,1,8,85
1315,4,1,8,81
1310,4,1,6,73
1386,4,1,6,70
1431,5,0,7,95
1358,4,1,6,75
1500,5,0,6,89
1431,5,0,6,87
1340,4,1,6,75
1418,5,0,8,100
1327,4,1,7,79
1328,4,1,6,75
1308,4,1,6,72
1306,4,1,6,73
1389,4,1,7,79
1485,5,0,8,99
1490,5,0,7,91
1364,4,1,8,83
1348,4,1,8,85
1350,4,1,7,76
1310,4,1,8,81
1303,4,1,6,70
1321,4,1,8,84
1489,5,0,8,97
1408,5,0,7,90
1411,5,0,8,99
1496,5,0,6,87
1489,5,0,8,100
1378,4,1,7,79
1311,4,1,6,70
1413,5,0,6,90
1347,4,1,7,80
1309,4,1,6,75
1327,4,1,6,75
1488,5,0,7,94
1303,4,1,8,85
1498,5,0,7,94
1444,5,0,6,90
1464,5,0,6,88
1355,4,1,8,84
1404,5,0,8,95
1394,4,1,7,77
1339,4,1,7,79
1441,5,0,6,88
1471,5,0,7,94
1354,4,1,7,80
1413,5,0,8,99
1362,4,1,8,85
1415,5,0,8,100
1489,5,0,8,96
1390,4,1,6,71
1316,4,1,6,74
1358,4,1,7,79
1401,5,0,7,93
1486,5,0,7,90
1302,4,1,6,73
1374,4,1,6,70
1457,5,0,8,96
1486,5,0,7,91
1371,4,1,6,72
1437,5,0,7,92
1487,5,0,6,85
1491,5,0,6,89
1494,5,0,6,88
1448,5,0,6,87
1434,5,0,7,92
1496,5,0,8,95
1351,4,1,7,77
1417,5,0,6,90
1420,5,0,7,94
1329,4,1,7,76
1436,5,0,7,94
1332,4,1,7,79
1457,5,0,8,99
1312,4,1,6,72
1392,4,1,6,72
1483,5,0,6,86
1368,4,1,8,81
1387,4,1,8,82
1354,4,1,8,80
1476,5,0,8,99
1468,5,0,6,87
1436,5,0,6,86
1445,5,0,6,88
1318,4,1,7,77
1370,4,1,8,85
1347,4,1,6,71
1373,4,1,7,77
1387,4,1,8,80
1361,4,1,7,76
1320,4,1,6,71
1404,5,0,7,95
1414,5,0,6,85
1348,4,1,6,74
1374,4,1,8,80
1408,5,0,8,95
1379,4,1,8,83
1316,4,1,6,72
1458,5,0,7,92
1375,4,1,7,80
1362,4,1,7,76
1407,5,0,7,91
1459,5,0,8,98
1433,5,0,6,90
1366,4,1,8,83
1301,4,1,7,76
1467,5,0,6,90
1400,4,1,7,80
1410,5,0,8,100
1306,4,1,6,73
1457,5,0,8,96
1407,5,0,7,95
1319,4,1,7,79
1427,5,0,6,89
1365,4,1,8,80
1499,5,0,7,95
1457,5,0,8,96
1465,5,0,7,91
1429,5,0,7,91
1379,4,1,8,80
1303,4,1,6,75
1489,5,0,6,86
1403,5,0,6,86
1401,5,0,6,87
1357,4,1,7,77
1417,5,0,7,91
1430,5,0,6,90
1319,4,1,6,75
1495,5,0,8,100
1438,5,0,7,94
1402,5,0,7,90
1420,5,0,7,93
1456,5,0,7,90
1495,5,0,6,85
1358,4,1,6,75
1433,5,0,7,91
1398,4,1,8,84
1495,5,0,8,98
1436,5,0,8,95
1392,4,1,7,75
1350,4,1,8,83
1458,5,0,8,100
1301,4,1,8,82
1476,5,0,7,90
1355,4,1,7,76
1474,5,0,7,91
1323,4,1,8,80
1344,4,1,6,71
1304,4,1,7,77
1313,4,1,6,73
1339,4,1,8,85
1317,4,1,6,73
1352,4,1,7,78
1382,4,1,7,75
1328,4,1,6,70
1441,5,0,8,95
1370,4,1,7,76
1422,5,0,7,92
1444,5,0,7,92
1451,5,0,6,89
1382,4,1,8,84
1467,5,0,8,95
1371,4,1,7,76
1479,5,0,6,87
1388,4,1,7,76
1467,5,0,7,94
1431,5,0,7,93
1304,4,1,8,81
1446,5,0,6,85
1359,4,1,8,81
1467,5,0,6,87
1314,4,1,6,73
1368,4,1,7,77
1375,4,1,6,75
1494,5,0,7,92
1474,5,0,6,85
1428,5,0,8,95
1400,4,1,6,74
1408,5,0,7,94
1440,5,0,7,92
1429,5,0,7,92
1382,4,1,7,75
1364,4,1,7,78
1431,5,0,6,85
1387,4,1,6,72
1423,5,0,7,94
1352,4,1,8,82
1488,5,0,6,90
1497,5,0,6,88
1339,4,1,8,82
1312,4,1,8,80
1497,5,0,8,95
1367,4,1,8,81
1416,5,0,7,94
1414,5,0,6,86
1491,5,0,7,94
1432,5,0,6,85
1456,5,0,8,98
1362,4,1,7,78
1382,4,1,7,79
1460,5,0,7,93
1491,5,0,6,90
1409,5,0,8,99
1469,5,0,7,93
1315,4,1,8,83
1424,5,0,7,94
1361,4,1,7,77
1308,4,1,6,72
1460,5,0,8,100
1446,5,0,7,94
1469,5,0,7,95
1436,5,0,6,88
1482,5,0,7,90
1460,5,0,8,97
1486,5,0,8,95
1338,4,1,7,79
1367,4,1,8,85
1377,4,1,7,76
1462,5,0,8,96
1357,4,1,7,76
1399,4,1,8,82
1424,5,0,6,90
1333,4,1,8,84
1436,5,0,7,92
1304,4,1,8,80
1327,4,1,8,83
1458,5,0,7,91
1417,5,0,8,96
1403,5,0,7,90
1357,4,1,7,80
1354,4,1,8,85
1318,4,1,8,85
1453,5,0,6,86
1451,5,0,8,98
1450,5,0,6,88
1473,5,0,7,93
1312,4,1,7,77
1339,4,1,6,72
1466,5,0,6,86
1306,4,1,6,74
1314,4,1,7,76
1440,5,0,7,93
1399,4,1,8,84
1497,5,0,6,85
1490,5,0,6,88
1447,5,0,8,98
1464,5,0,8,97
1453,5,0,8,95
1384,4,1,8,83
1479,5,0,8,98
1385,4,1,6,72
1355,4,1,6,75
1347,4,1,6,70
1353,4,1,6,71
1358,4,1,7,80
1347,4,1,6,74
1447,5,0,8,98
1448,5,0,8,95
1429,5,0,7,92
1363,4,1,6,71
1409,5,0,8,98
1447,5,0,8,96
1404,5,0,7,93
1367,4,1,6,75
1463,5,0,7,93
1389,4,1,7,79
1330,4,1,8,84
1338,4,1,6,70
1491,5,0,7,95
1451,5,0,7,93
1313,4,1,7,80
1364,4,1,7,75
1437,5,0,7,91
1377,4,1,7,76
1300,3,2,6,56
1425,5,0,7,90
1363,4,1,6,72
1496,5,0,8,100
1326,4,1,8,85
1312,4,1,7,79
1439,5,0,6,85
1388,4,1,8,85
1354,4,1,8,82
1315,4,1,6,75
1428,5,0,7,91
1356,4,1,8,83
1426,5,0,6,89
1481,5,0,6,87
1402,5,0,7,95
1334,4,1,7,76
1431,5,0,8,99
1407,5,0,6,90
1322,4,1,8,81
1436,5,0,6,85
1301,4,1,7,78
1488,5,0,8,97
1359,4,1,7,79
1431,5,0,8,98
1302,4,1,6,73
1457,5,0,7,93
1482,5,0,8,97
1479,5,0,6,88
1323,4,1,6,74
1456,5,0,7,91
1316,4,1,8,82
1303,4,1,7,79
1403,5,0,7,94
1316,4,1,6,72
1371,4,1,7,78
1333,4,1,8,82
1417,5,0,8,98
1468,5,0,8,97
1305,4,1,6,71
1463,5,0,6,89
1396,4,1,7,77
1367,4,1,8,84
1319,4,1,8,80
1396,4,1,8,83
1404,5,0,8,98
1355,4,1,6,75
1486,5,0,6,88
1481,5,0,6,89
1444,5,0,6,88
1405,5,0,7,90
1373,4,1,8,82
1427,5,0,7,94
1360,4,1,6,70
1498,5,0,6,86
1430,5,0,7,93
1319,4,1,6,74
1481,5,0,7,91
1354,4,1,8,85
1472,5,0,8,96
1442,5,0,8,99
1483,5,0,8,97
1363,4,1,6,75
1337,4,1,8,84
1483,5,0,7,90
1348,4,1,6,71
1453,5,0,7,95
1444,5,0,8,95
1418,5,0,7,95
1369,4,1,6,71
1308,4,1,7,78
1393,4,1,7,79
1466,5,0,6,86
1476,5,0,7,93
1439,5,0,6,88
1311,4,1,6,71
1324,4,1,6,73
1457,5,0,7,91
1318,4,1,8,80
1338,4,1,8,84
1300,3,2,6,60
1471,5,0,7,91
1335,4,1,7,80
1376,4,1,6,75
1354,4,1,7,78
1445,5,0,8,99
1432,5,0,7,92
1474,5,0,8,97
1321,4,1,8,85
1376,4,1,6,71
1407,5,0,7,95
1340,4,1,8,80
1394,4,1,8,85
1348,4,1,8,83
1389,4,1,6,75
1379,4,1,7,75
1398,4,1,8,85
1479,5,0,8,97
1426,5,0,7,90
1340,4,1,7,80
1309,4,1,8,83
1463,5,0,7,93
1457,5,0,6,90
1493,5,0,8,95
1368,4,1,7,78
1320,4,1,7,77
1442,5,0,8,100
1478,5,0,8,97
1391,4,1,8,80
1476,5,0,8,99
1448,5,0,8,100
1334,4,1,6,74
1482,5,0,7,92
1443,5,0,6,90
1326,4,1,8,82
1301,4,1,7,79
1302,4,1,6,73
1363,4,1,7,79
1460,5,0,8,96
1367,4,1,6,73
1307,4,1,7,79
1331,4,1,7,77
1336,4,1,6,71
1302,4,1,6,75
1432,5,0,7,90
1451,5,0,6,87
1477,5,0,6,87
1339,4,1,7,78
1448,5,0,8,97
1477,5,0,7,93
1374,4,1,6,70
1440,5,0,8,100
1375,4,1,8,84
1451,5,0,6,89
1385,4,1,6,75
1410,5,0,8,100
1480,5,0,7,90
1497,5,0,8,96
1358,4,1,7,76
1464,5,0,8,97
1455,5,0,6,88
1400,4,1,8,84
1496,5,0,8,100
1470,5,0,8,99
1351,4,1,8,81
1348,4,1,7,80
1443,5,0,6,90
1356,4,1,8,85
1464,5,0,7,95
1313,4,1,6,75
1376,4,1,7,75
1314,4,1,6,73
1376,4,1,8,83
1335,4,1,8,84
1438,5,0,8,97
1419,5,0,8,95
1413,5,0,8,97
1363,4,1,8,82
1481,5,0,7,91
1393,4,1,7,80
1388,4,1,7,79
1302,4,1,8,80
1352,4,1,7,75
1410,5,0,7,93
1444,5,0,8,96
1436,5,0,8,97
1494,5,0,6,89
1405,5,0,8,98
1445,5,0,7,95
1465,5,0,6,87
1435,5,0,8,99
1362,4,1,7,79
1470,5,0,6,85
1322,4,1,7,77
1430,5,0,8,98
1317,4,1,8,84
1393,4,1,8,83
1433,5,0,7,91
1425,5,0,8,99
1331,4,1,8,83
1317,4,1,8,80
1323,4,1,6,74
1416,5,0,6,86
1406,5,0,6,90
1314,4,1,7,78
1453,5,0,6,88
1451,5,0,7,93
1473,5,0,6,88
1394,4,1,8,84
1306,4,1,7,75
1352,4,1,8,81
1451,5,0,7,92
1412,5,0,7,92
1423,5,0,8,97
1496,5,0,6,88
1381,4,1,7,80
1325,4,1,8,83
1419,5,0,6,86
1390,4,1,7,80
1333,4,1,6,72
1367,4,1,8,83
1396,4,1,7,80
1420,5,0,6,85
1375,4,1,6,71
1423,5,0,6,88
1328,4,1,6,72
1409,5,0,7,91
1350,4,1,8,83
1485,5,0,7,93
1429,5,0,7,94
1415,5,0,7,93
1410,5,0,8,98
1496,5,0,7,93
1410,5,0,8,96
1402,5,0,8,98
1367,4,1,6,72
1371,4,1,7,76
1472,5,0,7,94
1309,4,1,8,84
1475,5,0,8,97
1395,4,1,6,75
1305,4,1,6,74
1315,4,1,6,73
1404,5,0,6,87
1500,5,0,7,92
1330,4,1,6,71
1492,5,0,8,100
1435,5,0,6,89
1489,5,0,8,98
1471,5,0,6,88
1397,4,1,6,72
1388,4,1,8,80
1452,5,0,6,90
1374,4,1,6,75
1397,4,1,8,80
1336,4,1,6,72
1432,5,0,6,86
1400,4,1,6,74
1485,5,0,6,87
1312,4,1,6,70
1369,4,1,6,72
1439,5,0,7,91
1416,5,0,6,88
1352,4,1,6,75
1481,5,0,8,99
1319,4,1,7,79
1418,5,0,8,95
1326,4,1,8,83
1422,5,0,8,98
1351,4,1,7,77
1350,4,1,7,76
1318,4,1,6,74
1444,5,0,8,100
1411,5,0,8,98
1302,4,1,7,80
1384,4,1,7,79
1345,4,1,7,76
1313,4,1,8,80
1368,4,1,7,75
1372,4,1,8,83
1404,5,0,8,97
1440,5,0,6,85
1368,4,1,8,80
1446,5,0,7,94
1300,3,2,8,68
1318,4,1,6,71
1309,4,1,7,80
1465,5,0,7,95
1331,4,1,8,82
1474,5,0,6,88
1418,5,0,8,97
1454,5,0,7,93
1357,4,1,8,80
1450,5,0,7,93
1411,5,0,6,86
1326,4,1,7,80
1325,4,1,7,75
1304,4,1,8,84
1357,4,1,7,76
1483,5,0,7,90
1489,5,0,6,85
1382,4,1,8,83
1401,5,0,8,100
1308,4,1,7,78
1472,5,0,6,88
1355,4,1,6,71
1441,5,0,8,96
1462,5,0,8,96
1304,4,1,7,76
1431,5,0,7,92
1305,4,1,6,74
1499,5,0,8,100
1471,5,0,7,94
1450,5,0,6,88
1360,4,1,8,85
1387,4,1,6,73
1417,5,0,8,95
1315,4,1,6,73
1467,5,0,8,99
1469,5,0,7,94
1371,4,1,8,85
1447,5,0,7,93
1398,4,1,6,74
1449,5,0,7,91
1459,5,0,8,100
1388,4,1,6,72
1312,4,1,6,72
1476,5,0,6,88
1396,4,1,7,80
1495,5,0,8,97
1488,5,0,7,93
1323,4,1,8,84
1495,5,0,8,97
1481,5,0,6,86
1471,5,0,8,99
1494,5,0,8,100
1351,4,1,8,81
1495,5,0,8,98
1327,4,1,6,71
1450,5,0,7,94
1446,5,0,6,85
1336,4,1,8,81
1476,5,0,8,96
1399,4,1,8,82
1453,5,0,6,86
1449,5,0,7,95
1310,4,1,8,84
1456,5,0,8,96
1421,5,0,7,91
1489,5,0,8,95
1433,5,0,7,95
1364,4,1,7,78
1346,4,1,8,80
1308,4,1,7,77
1486,5,0,8,97
1396,4,1,6,71
1449,5,0,7,91
1329,4,1,8,84
1419,5,0,6,85
1330,4,1,7,76
1435,5,0,7,91
1480,5,0,8,100
1480,5,0,6,87
1361,4,1,6,73
1389,4,1,8,83
1306,4,1,6,75
1361,4,1,8,80
1331,4,1,6,71
1404,5,0,7,90
1348,4,1,7,80
1308,4,1,7,78
1399,4,1,8,80
1355,4,1,7,77
1402,5,0,8,100
1334,4,1,6,75
1464,5,0,6,85
1419,5,0,6,85
1307,4,1,7,77
1326,4,1,7,77
1449,5,0,6,89
1381,4,1,8,84
1474,5,0,6,85
1458,5,0,7,92
1404,5,0,6,86
1466,5,0,6,89
1304,4,1,6,74
1345,4,1,6,75
1444,5,0,6,90
1485,5,0,7,94
1315,4,1,8,84
1409,5,0,6,86
1325,4,1,6,73
1454,5,0,7,92
1386,4,1,6,71
1347,4,1,6,74
1450,5,0,6,85
1357,4,1,8,85
1338,4,1,6,71
1403,5,0,7,91
1477,5,0,8,99
1469,5,0,8,100
1499,5,0,7,94
1394,4,1,6,74
1352,4,1,7,77
1363,4,1,6,70
1358,4,1,6,73
1308,4,1,6,75
1461,5,0,8,99
1386,4,1,7,76
1479,5,0,7,90
1398,4,1,8,81
1365,4,1,6,75
1422,5,0,8,99
1449,5,0,6,85
1485,5,0,6,89
1446,5,0,8,99
1397,4,1,7,76
1491,5,0,8,95
1384,4,1,8,82
1397,4,1,7,78
1303,4,1,8,80
1408,5,0,6,85
1346,4,1,7,78
1410,5,0,7,93
1486,5,0,6,87
1481,5,0,7,90
1459,5,0,6,88
1396,4,1,7,76
1334,4,1,6,74
1410,5,0,8,99
1418,5,0,6,87
1494,5,0,8,97
1336,4,1,7,75
1451,5,0,6,88
1486,5,0,6,90
1484,5,0,8,95
1387,4,1,6,73
1390,4,1,8,80
1350,4,1,6,70
1360,4,1,6,75
1488,5,0,6,88
1350,4,1,6,74
1488,5,0,8,96
1340,4,1,8,80
1436,5,0,6,85
1474,5,0,7,91
1429,5,0,8,97
1323,4,1,6,72
1487,5,0,8,100
1330,4,1,7,78
1362,4,1,8,85
1425,5,0,8,98
1452,5,0,7,92
1442,5,0,7,93
1311,4,1,6,74
1329,4,1,6,75
1426,5,0,8,98
1458,5,0,6,89
1458,5,0,6,86
1356,4,1,6,73
1392,4,1,8,82
1394,4,1,6,75
1329,4,1,7,75
1492,5,0,8,99
1392,4,1,6,70
1374,4,1,6,71
1371,4,1,6,70
1496,5,0,7,94
1368,4,1,7,80
1441,5,0,7,93
1393,4,1,8,84
1404,5,0,7,92
1422,5,0,7,95
1328,4,1,8,83
1312,4,1,7,78
1320,4,1,7,79
1384,4,1,6,71
1386,4,1,7,78
1352,4,1,7,77
1355,4,1,8,84
1433,5,0,8,97
1429,5,0,8,97
1328,4,1,7,77
1363,4,1,8,84
1319,4,1,8,80
1402,5,0,6,90
1315,4,1,6,75
1382,4,1,6,71
1326,4,1,7,77
1449,5,0,6,89
1458,5,0,8,95
1314,4,1,6,72
1370,4,1,7,79
1434,5,0,8,99
1349,4,1,7,77
1398,4,1,6,71
1404,5,0,8,96
1496,5,0,8,95
1310,4,1,8,82
1479,5,0,6,87
1373,4,1,7,79
1354,4,1,8,82
1310,4,1,7,77
1355,4,1,7,80
1303,4,1,7,80
1473,5,0,6,90
1396,4,1,6,71
1484,5,0,6,86
1419,5,0,8,97
1497,5,0,6,85
1459,5,0,7,91
1346,4,1,7,80
1458,5,0,8,96
1387,4,1,7,76
1456,5,0,7,92
1351,4,1,8,84
1412,5,0,6,90
1312,4,1,8,82
1422,5,0,6,89
1402,5,0,6,87
1438,5,0,6,89
1402,5,0,7,91
1393,4,1,7,79
1488,5,0,8,100
1350,4,1,7,80
1338,4,1,8,84
1315,4,1,7,76
1496,5,0,7,93
1416,5,0,8,97
1461,5,0,8,98
1394,4,1,7,77
1395,4,1,7,77
1366,4,1,7,75
1311,4,1,8,80
1345,4,1,6,74
1387,4,1,8,84
1404,5,0,7,93
1350,4,1,6,74
1403,5,0,8,96
1449,5,0,7,93
1426,5,0,6,90
1486,5,0,6,88
1380,4,1,6,70
1338,4,1,8,85
1440,5,0,6,85
1415,5,0,7,90
1343,4,1,8,85
1408,5,0,8,100
1482,5,0,7,95
1474,5,0,7,91
1355,4,1,6,70
1390,4,1,8,81
1435,5,0,7,94
1395,4,1,7,77
1462,5,0,8,99
1368,4,1,7,77
1367,4,1,8,80
1405,5,0,8,100
1500,5,0,8,96
1462,5,0,7,92
1475,5,0,8,95
1393,4,1,6,72
1311,4,1,7,78
1430,5,0,7,91
1433,5,0,8,96
1322,4,1,6,74
1436,5,0,7,92
1422,5,0,8,100
1419,5,0,6,86
1466,5,0,7,95
1478,5,0,8,98
1315,4,1,7,76
1355,4,1,8,84
1482,5,0,8,99
1329,4,1,6,72
1315,4,1,6,75
1327,4,1,7,80
1401,5,0,6,90
1477,5,0,8,100
1344,4,1,8,85
1491,5,0,7,91
1354,4,1,7,76
1470,5,0,6,86
1378,4,1,7,77
1399,4,1,7,75
1324,4,1,8,83
1452,5,0,8,100
1364,4,1,8,84
1362,4,1,7,80
1380,4,1,6,71
1312,4,1,7,75
1453,5,0,7,90
1373,4,1,8,83
1385,4,1,6,71
1331,4,1,6,73
1401,5,0,6,87
1498,5,0,6,86
1383,4,1,6,71
1384,4,1,6,72
1487,5,0,8,98
1442,5,0,7,91
1399,4,1,6,75
1429,5,0,7,91
1447,5,0,6,86
1304,4,1,7,78
1436,5,0,8,97
1310,4,1,6,71
1340,4,1,6,70
1452,5,0,7,92
1452,5,0,7,94
1334,4,1,7,78
1425,5,0,6,85
1495,5,0,7,91
1449,5,0,6,87
1378,4,1,6,74
1495,5,0,6,85
1365,4,1,6,71
1356,4,1,7,79
1343,4,1,6,72
1473,5,0,8,98
1381,4,1,7,77
1466,5,0,8,100
1410,5,0,7,94
1362,4,1,7,77
1327,4,1,8,82
1404,5,0,6,87
1337,4,1,8,85
1400,4,1,7,78
1455,5,0,8,99
1302,4,1,6,75
1384,4,1,8,84
1492,5,0,6,87
1481,5,0,6,88
1318,4,1,7,77
1300,3,2,6,56
1353,4,1,8,83
1434,5,0,7,93
1364,4,1,7,80
1313,4,1,6,71
1374,4,1,7,79
1491,5,0,8,97
1350,4,1,8,85
1479,5,0,6,86
1495,5,0,6,90
1439,5,0,6,85
1363,4,1,8,84
1385,4,1,6,71
1468,5,0,7,91
1367,4,1,7,79
1405,5,0,8,97
1308,4,1,7,79
1411,5,0,6,88
1431,5,0,7,94
1437,5,0,6,88
1454,5,0,7,93
1422,5,0,8,95
1468,5,0,6,88
1402,5,0,6,85
1324,4,1,7,76
1439,5,0,6,89
1308,4,1,6,72
1343,4,1,8,83
1390,4,1,7,80
1387,4,1,8,80
1373,4,1,8,84
1413,5,0,6,88
1419,5,0,8,100
1442,5,0,6,88
1409,5,0,8,99
1331,4,1,7,80
1386,4,1,8,81
1437,5,0,8,95
1330,4,1,7,76
1352,4,1,7,80
1465,5,0,6,86
1478,5,0,8,95
1428,5,0,8,96
1332,4,1,6,70
1448,5,0,7,92
1332,4,1,6,72
1431,5,0,7,95
1350,4,1,7,77
1353,4,1,7,80
1451,5,0,7,90
1387,4,1,7,80
1373,4,1,8,84
1450,5,0,8,98
1350,4,1,7,78
1380,4,1,6,75
1489,5,0,7,92
1442,5,0,8,96
1459,5,0,7,94
1358,4,1,8,85
1415,5,0,6,90
1456,5,0,8,98
1470,5,0,6,87
1450,5,0,7,90
1430,5,0,8,96
1350,4,1,8,85
1495,5,0,7,92
1315,4,1,8,84
1426,5,0,7,94
1416,5,0,6,87
1419,5,0,8,100
1389,4,1,7,77
1407,5,0,8,97
1456,5,0,6,85
1403,5,0,8,96
1389,4,1,8,84
1395,4,1,7,75
1321,4,1,7,79
1398,4,1,7,75
1495,5,0,7,95
1498,5,0,7,92
1331,4,1,8,80
1411,5,0,6,87
1391,4,1,6,72
1408,5,0,7,95
1341,4,1,6,70
1366,4,1,6,74
1334,4,1,6,74
1324,4,1,6,73
1492,5,0,7,94
1420,5,0,7,91
1442,5,0,6,85
1335,4,1,6,72
1395,4,1,6,73
1376,4,1,7,78
1389,4,1,7,80
1361,4,1,6,70
1329,4,1,8,84
1495,5,0,7,92
1336,4,1,6,74
1340,4,1,8,80
1443,5,0,6,85
1338,4,1,6,72
1490,5,0,6,89
1382,4,1,8,81
1329,4,1,8,82
1455,5,0,7,95
1301,4,1,7,79
1354,4,1,6,73
1452,5,0,8,95
1385,4,1,8,81
1351,4,1,7,77
1467,5,0,6,90
1393,4,1,8,83
1301,4,1,7,76
1385,4,1,6,71
1391,4,1,8,82
1434,5,0,6,88
1363,4,1,6,74
1489,5,0,8,99
1393,4,1,6,70
1427,5,0,6,85
1430,5,0,7,93
1445,5,0,6,88
1301,4,1,8,82
1457,5,0,6,90
1312,4,1,8,83
1489,5,0,6,87
1403,5,0,6,86
1367,4,1,8,82
1358,4,1,8,84
1303,4,1,7,76
1451,5,0,8,100
1357,4,1,6,73
1440,5,0,6,87
1492,5,0,8,97
1390,4,1,7,80
1496,5,0,6,85
1314,4,1,8,80
1311,4,1,8,84
1312,4,1,6,74
1318,4,1,7,79
1450,5,0,6,87
1373,4,1,7,75
1486,5,0,6,89
1373,4,1,6,73
1400,4,1,6,75
1416,5,0,7,92
1327,4,1,8,83
1447,5,0,7,90
1425,5,0,7,90
1328,4,1,8,81
1352,4,1,8,80
1488,5,0,7,93
1420,5,0,6,88
1321,4,1,6,72
1388,4,1,8,81
1416,5,0,6,85
1367,4,1,8,85
1391,4,1,7,80
1463,5,0,6,86
1301,4,1,6,74
1427,5,0,6,86
1406,5,0,8,95
1378,4,1,8,85
1431,5,0,8,100
1341,4,1,8,84
1306,4,1,8,83
1417,5,0,7,94
1369,4,1,7,75
1497,5,0,8,96
1467,5,0,7,94
1444,5,0,8,97
1364,4,1,8,83
1479,5,0,6,90
1471,5,0,8,97
1402,5,0,8,96
1462,5,0,8,100
1332,4,1,6,75
1433,5,0,6,86
1469,5,0,8,100
1489,5,0,6,86
1301,4,1,6,74
1407,5,0,6,87
1397,4,1,8,82
1386,4,1,8,85
1434,5,0,6,89
1470,5,0,7,94
1385,4,1,8,82
1303,4,1,8,81
1316,4,1,8,83
1312,4,1,6,70
1467,5,0,6,85
1414,5,0,8,99
1393,4,1,8,85
1482,5,0,8,97
1477,5,0,8,96
1335,4,1,7,78
1464,5,0,7,95
1488,5,0,6,89
1363,4,1,7,79
1457,5,0,8,99
1484,5,0,6,88
1351,4,1,6,75
1439,5,0,8,95
1349,4,1,7,78
1478,5,0,6,88
1416,5,0,7,93
1416,5,0,6,86
1310,4,1,7,78
1340,4,1,8,85
1482,5,0,6,86
1465,5,0,8,100
1495,5,0,6,89
1373,4,1,8,83
1418,5,0,8,95
1310,4,1,6,75
1448,5,0,7,95
1408,5,0,7,90
1351,4,1,6,74
1433,5,0,8,95
1492,5,0,7,90
1351,4,1,8,82
1439,5,0,7,90
1468,5,0,6,86
1301,4,1,8,80
1375,4,1,8,84
1361,4,1,7,79
1411,5,0,6,90
1410,5,0,8,96
1469,5,0,6,89
1393,4,1,7,80
1402,5,0,7,94
1456,5,0,7,95
1477,5,0,8,100
1484,5,0,6,88
1350,4,1,8,82
1313,4,1,6,73
1336,4,1,7,80
1345,4,1,6,70
1414,5,0,8,96
1440,5,0,8,95
1497,5,0,8,98
1410,5,0,6,86
1325,4,1,8,84
1436,5,0,6,90
1443,5,0,7,94
1405,5,0,8,95
1304,4,1,7,80
1391,4,1,6,75
1406,5,0,7,93
1471,5,0,7,94
1349,4,1,8,83
1471,5,0,8,96
1300,3,2,8,67
1484,5,0,7,91
1487,5,0,7,91
1340,4,1,7,80
1437,5,0,7,95
1375,4,1,8,82
1340,4,1,6,75
1311,4,1,8,83
1435,5,0,6,85
1407,5,0,6,90
1398,4,1,7,79
1498,5,0,6,87
1479,5,0,8,98
1489,5,0,8,98
1335,4,1,6,74
1448,5,0,7,91
1445,5,0,8,97
1343,4,1,8,83
1481,5,0,8,96
1347,4,1,7,75
1401,5,0,6,89
1349,4,1,7,77
1410,5,0,7,94
1448,5,0,8,100
1301,4,1,8,81
1490,5,0,8,97
1390,4,1,8,80
1313,4,1,7,79
1441,5,0,7,93
1457,5,0,8,100
1356,4,1,6,71
1386,4,1,8,84
1308,4,1,7,79
1393,4,1,8,85
1383,4,1,6,75
1384,4,1,7,78
1404,5,0,7,95
1414,5,0,7,93
1452,5,0,8,95
1439,5,0,7,90
1389,4,1,8,80
1327,4,1,7,76
1427,5,0,7,91
1348,4,1,7,80
1473,5,0,7,91
1421,5,0,7,93
1378,4,1,7,78
1398,4,1,6,72
1429,5,0,6,89
1461,5,0,8,97
1480,5,0,7,93
1301,4,1,8,80
1350,4,1,7,80
1488,5,0,7,92
1442,5,0,6,90
1476,5,0,8,95
1322,4,1,8,82
1464,5,0,7,92
1346,4,1,7,75
1402,5,0,7,91
1408,5,0,7,94
1348,4,1,8,83
1417,5,0,6,89
1319,4,1,7,77
1461,5,0,8,98
1427,5,0,6,85
1379,4,1,8,83
1433,5,0,7,93
1450,5,0,7,91
1462,5,0,6,85
1432,5,0,6,88
1466,5,0,7,90
1342,4,1,6,70
1404,5,0,7,94
1378,4,1,7,77
1398,4,1,6,74
1337,4,1,6,71
1343,4,1,8,82
1375,4,1,8,84
1401,5,0,8,97
1386,4,1,8,84
1331,4,1,7,78
1456,5,0,7,92
1355,4,1,6,74
1373,4,1,8,81
1410,5,0,7,95
1341,4,1,8,82
1400,4,1,6,71
1350,4,1,6,73
1338,4,1,6,70
1435,5,0,7,95
1478,5,0,6,89
1447,5,0,7,94
1436,5,0,7,93
1461,5,0,7,93
1385,4,1,7,77
1322,4,1,7,78
1452,5,0,8,99
1337,4,1,6,72
1356,4,1,6,74
1327,4,1,6,72
1500,5,0,7,92
1452,5,0,8,99
1475,5,0,7,95
1355,4,1,7,75
1362,4,1,6,71
1425,5,0,6,88
1360,4,1,8,85
1414,5,0,6,86
1492,5,0,7,94
1312,4,1,8,80
1333,4,1,7,79
1498,5,0,6,86
1402,5,0,7,94
1392,4,1,8,85
1382,4,1,8,80
1441,5,0,7,95
1379,4,1,8,84
1403,5,0,7,93
1334,4,1,7,76
1430,5,0,7,92
1390,4,1,6,75
1463,5,0,6,86
1451,5,0,6,87
1358,4,1,7,79
1325,4,1,8,84
1322,4,1,8,84
1330,4,1,6,75
1425,5,0,7,94
1306,4,1,7,78
1319,4,1,6,74
1500,5,0,7,93
1338,4,1,6,74
1350,4,1,7,75
1410,5,0,6,88
1481,5,0,6,85
1336,4,1,8,85
1418,5,0,8,96
1481,5,0,8,95
1383,4,1,6,70
1441,5,0,7,95
1391,4,1,8,80
1392,4,1,7,78
1317,4,1,8,81
1322,4,1,7,76
1302,4,1,8,80
1338,4,1,8,84
1305,4,1,7,75
1396,4,1,8,81
1470,5,0,6,90
1348,4,1,7,79
1482,5,0,7,91
1327,4,1,8,82
1308,4,1,8,81
1315,4,1,6,70
1462,5,0,6,85
1323,4,1,8,85
1344,4,1,7,75
1326,4,1,7,75
1407,5,0,8,99
1441,5,0,6,86
1364,4,1,6,73
1381,4,1,6,71
1485,5,0,7,95
1363,4,1,6,71
1426,5,0,6,87
1495,5,0,8,99
1336,4,1,8,82
1368,4,1,6,73
1487,5,0,6,90
1365,4,1,8,81
1482,5,0,8,100
1474,5,0,7,94
1478,5,0,8,96
1398,4,1,8,81
1339,4,1,7,78
1453,5,0,7,94
1371,4,1,8,84
1475,5,0,7,93
1466,5,0,8,97
1305,4,1,8,85
1448,5,0,6,87
1334,4,1,7,75
1429,5,0,7,90
1439,5,0,6,85
1320,4,1,6,70
1302,4,1,8,85
1409,5,0,8,97
1432,5,0,8,95
1327,4,1,6,73
1365,4,1,8,84
1466,5,0,6,90
1427,5,0,8,95
1480,5,0,7,95
1429,5,0,8,100
1308,4,1,6,73
1360,4,1,6,71
1319,4,1,8,83
1337,4,1,6,70
1386,4,1,7,76
1319,4,1,6,75
1383,4,1,6,70
1473,5,0,7,92
1344,4,1,6,74
1379,4,1,6,71
1493,5,0,6,89
1497,5,0,8,97
1483,5,0,7,91
1330,4,1,6,75
1444,5,0,8,95
1379,4,1,6,71
1308,4,1,7,78
1482,5,0,7,92
1365,4,1,6,74
1353,4,1,8,85
1361,4,1,7,78
1359,4,1,8,81
1304,4,1,8,81
1371,4,1,8,85
1310,4,1,8,83
1414,5,0,6,86
1415,5,0,8,97
1324,4,1,7,80
1390,4,1,6,75
1494,5,0,7,91
1362,4,1,6,70
1382,4,1,6,73
1488,5,0,6,86
1400,4,1,8,83
1373,4,1,6,75
1380,4,1,7,76
1491,5,0,7,94
1425,5,0,7,92
1447,5,0,6,87
1350,4,1,8,83
1440,5,0,7,95
1403,5,0,7,95
1364,4,1,8,81
1416,5,0,7,94
1323,4,1,8,84
1344,4,1,7,79
1373,4,1,7,78
1325,4,1,6,73
1412,5,0,8,99
1379,4,1,7,77
1398,4,1,6,73
1358,4,1,6,72
1393,4,1,7,79
1485,5,0,7,91
1461,5,0,7,94
1309,4,1,8,82
1336,4,1,8,84
1470,5,0,8,98
1430,5,0,6,85
1422,5,0,8,99
1470,5,0,6,85
1448,5,0,7,92
1350,4,1,8,82
1425,5,0,6,85
1417,5,0,6,85
1398,4,1,7,75
1489,5,0,7,95
1417,5,0,6,85
1459,5,0,8,98
1388,4,1,7,76
1460,5,0,7,95
1390,4,1,7,78
1405,5,0,8,95
1307,4,1,6,72
1467,5,0,7,92
1349,4,1,7,75
1344,4,1,7,76
1347,4,1,7,75
1417,5,0,6,88
1396,4,1,7,76
1401,5,0,6,85
1481,5,0,6,87
1434,5,0,8,99
1484,5,0,6,85
1379,4,1,8,83
1395,4,1,7,78
1452,5,0,7,93
1393,4,1,8,85
1352,4,1,6,73
1378,4,1,6,73
1378,4,1,6,71
1477,5,0,6,88
1458,5,0,8,95
1337,4,1,6,75
1432,5,0,8,95
1345,4,1,7,78
1425,5,0,7,93
1388,4,1,6,73
1440,5,0,7,93
1330,4,1,6,75
1476,5,0,6,89
1314,4,1,6,75
1334,4,1,8,82
1474,5,0,8,98
1444,5,0,7,95
1340,4,1,6,73
1361,4,1,8,85
1445,5,0,6,88
1421,5,0,8,97
1366,4,1,8,83
1303,4,1,7,80
1368,4,1,6,74
1341,4,1,7,75
1368,4,1,6,73
1403,5,0,6,85
1491,5,0,8,100
1434,5,0,8,96
1312,4,1,6,75
1428,5,0,8,100
1444,5,0,7,93
1376,4,1,8,85
1351,4,1,7,80
1407,5,0,8,100
1486,5,0,8,96
1313,4,1,6,72
1345,4,1,7,77
1329,4,1,6,71
1349,4,1,6,73
1393,4,1,8,82
1463,5,0,7,94
1340,4,1,8,85
1330,4,1,7,78
1362,4,1,7,79
1416,5,0,7,94
1301,4,1,6,73
1393,4,1,7,75
1375,4,1,6,74
1424,5,0,8,98
1315,4,1,8,80
1452,5,0,7,93
1432,5,0,7,92
1377,4,1,8,80
1410,5,0,7,94
1454,5,0,6,85
1300,3,2,6,59
1416,5,0,8,97
1480,5,0,8,98
1406,5,0,8,97
1466,5,0,8,95
1447,5,0,8,96
1487,5,0,6,89
1380,4,1,8,81
1302,4,1,7,75
1418,5,0,8,96
1326,4,1,7,77
1361,4,1,8,82
1366,4,1,8,81
1453,5,0,7,93
1425,5,0,6,87
1486,5,0,7,92
1397,4,1,8,82
1389,4,1,6,70
1456,5,0,8,100
1370,4,1,6,73
1467,5,0,6,88
1381,4,1,6,75
1367,4,1,8,82
1320,4,1,6,73
1305,4,1,7,76
1470,5,0,6,86
1425,5,0,6,87
1311,4,1,8,84
1350,4,1,6,72
1491,5,0,7,93
1474,5,0,8,98
1348,4,1,7,77
1413,5,0,7,92
1395,4,1,6,74
1475,5,0,7,95
1450,5,0,6,90
1334,4,1,7,77
1479,5,0,8,97
1403,5,0,6,89
1359,4,1,7,79
1416,5,0,8,100
1437,5,0,6,85
1485,5,0,6,85
1386,4,1,8,81
1395,4,1,6,74
1417,5,0,8,100
1413,5,0,6,87
1461,5,0,7,93
1398,4,1,7,76
1395,4,1,8,85
1492,5,0,8,99
1431,5,0,8,97
1341,4,1,7,78
1377,4,1,6,70
1446,5,0,8,100
1382,4,1,8,80
1318,4,1,7,78
1416,5,0,7,90
1389,4,1,7,77
1350,4,1,8,81
1428,5,0,7,90
1394,4,1,7,77
1437,5,0,6,90
1330,4,1,6,70
1437,5,0,8,95
1465,5,0,7,92
1492,5,0,6,88
1399,4,1,8,85
1412,5,0,6,89
1317,4,1,8,82
1464,5,0,7,94
1378,4,1,6,72
1388,4,1,7,80
1304,4,1,6,73
1487,5,0,8,97
1493,5,0,7,92
1439,5,0,7,90
1443,5,0,6,89
1360,4,1,8,84
1432,5,0,7,95
1400,4,1,6,75
1415,5,0,8,99
1409,5,0,7,93
1459,5,0,7,93
1331,4,1,7,76
1402,5,0,6,85
1463,5,0,6,86
1391,4,1,7,79
1361,4,1,7,78
1319,4,1,6,75
1500,5,0,7,92
1491,5,0,7,90
1460,5,0,7,92
1417,5,0,7,95
1375,4,1,6,75
1350,4,1,8,85
1421,5,0,7,90
1314,4,1,6,74
1313,4,1,7,77
1352,4,1,8,84
1371,4,1,6,73
1437,5,0,6,89
1333,4,1,8,80
1472,5,0,7,90
1404,5,0,6,89
1434,5,0,6,86
1315,4,1,7,80
1452,5,0,7,95
1487,5,0,6,86
1397,4,1,6,71
1325,4,1,8,85
1414,5,0,7,94
1353,4,1,6,70
1361,4,1,8,83
1483,5,0,6,89
1391,4,1,8,81
1443,5,0,8,96
1375,4,1,8,83
1381,4,1,6,75
1462,5,0,6,89
1451,5,0,7,92
1320,4,1,6,73
1444,5,0,7,93
1464,5,0,8,97
1314,4,1,6,75
1308,4,1,6,73
1438,5,0,7,90
1388,4,1,7,76
1371,4,1,8,84
1458,5,0,6,90
1473,5,0,6,90
1413,5,0,6,86
1315,4,1,7,77
1313,4,1,7,75
1460,5,0,6,89
1359,4,1,8,83
1376,4,1,8,80
1490,5,0,6,85
1491,5,0,7,90
1410,5,0,6,89
1499,5,0,8,100
1330,4,1,7,80
1420,5,0,7,95
1336,4,1,8,85
1334,4,1,8,84
1499,5,0,7,94
1392,4,1,8,80
1459,5,0,7,94
1330,4,1,8,80
1401,5,0,6,85
1405,5,0,8,97
1496,5,0,6,88
1451,5,0,7,95
1368,4,1,8,81
1468,5,0,8,96
1360,4,1,7,80
1477,5,0,7,91
1385,4,1,6,75
1398,4,1,6,71
1432,5,0,8,98
1349,4,1,6,71
1308,4,1,7,79
1311,4,1,8,82
1428,5,0,7,91
1492,5,0,8,99
1321,4,1,8,83
1314,4,1,6,75
1438,5,0,8,95
1494,5,0,8,95
1310,4,1,8,81
1313,4,1,6,71
1485,5,0,7,95
1445,5,0,7,94
1470,5,0,8,95
1357,4,1,7,78
1323,4,1,8,84
1489,5,0,6,89
1432,5,0,6,89
1334,4,1,6,74
1373,4,1,7,80
1403,5,0,7,90
1400,4,1,7,76
1371,4,1,6,71
1468,5,0,6,89
1487,5,0,8,97
1481,5,0,8,98
1366,4,1,8,80
1369,4,1,6,70
1353,4,1,6,73
1473,5,0,6,87
1395,4,1,6,73
1473,5,0,8,100
1352,4,1,7,77
1467,5,0,7,93
1485,5,0,8,96
1311,4,1,7,75
1442,5,0,7,90
1492,5,0,7,90
1453,5,0,7,94
1377,4,1,6,75
1399,4,1,7,79
1476,5,0,6,89
1304,4,1,7,77
1474,5,0,8,96
1333,4,1,7,80
1415,5,0,7,93
1300,3,2,7,62
1473,5,0,6,85
1361,4,1,6,75
1488,5,0,8,100
1390,4,1,6,72
1441,5,0,7,94
1453,5,0,6,85
1474,5,0,8,98
1407,5,0,8,96
1384,4,1,8,80
1472,5,0,6,87
1324,4,1,8,82
1427,5,0,6,88
1442,5,0,8,99
1453,5,0,8,98
1349,4,1,7,78
1481,5,0,6,90
1387,4,1,8,85
1473,5,0,6,85
1313,4,1,6,74
1469,5,0,6,90
1321,4,1,7,79
1420,5,0,7,94
1365,4,1,6,75
1422,5,0,8,95
1381,4,1,6,75
1390,4,1,6,75
1496,5,0,7,91
1442,5,0,7,90
1450,5,0,8,100
1475,5,0,7,90
1372,4,1,7,76
1356,4,1,7,77
1497,5,0,7,93
1380,4,1,6,73
1377,4,1,8,81
1437,5,0,6,86
1449,5,0,7,94
1435,5,0,6,90
1454,5,0,6,89
1352,4,1,8,82
1329,4,1,8,83
1432,5,0,8,98
1469,5,0,6,88
1410,5,0,8,98
1305,4,1,7,76
1365,4,1,7,75
1411,5,0,6,87
1358,4,1,8,81
1357,4,1,7,76
1329,4,1,8,80
1398,4,1,6,75
1470,5,0,6,88
1302,4,1,6,70
1393,4,1,7,78
1361,4,1,6,73
1374,4,1,6,70
1409,5,0,7,94
1351,4,1,7,75
1322,4,1,8,85
1427,5,0,6,85
1370,4,1,8,82
1415,5,0,8,97
1348,4,1,8,81
1453,5,0,6,87
1355,4,1,6,72
1410,5,0,7,93
1337,4,1,6,74
1307,4,1,8,85
1475,5,0,7,90
1406,5,0,8,98
1379,4,1,7,77
1424,5,0,7,94
1321,4,1,6,75
1453,5,0,8,100
1462,5,0,7,95
1498,5,0,8,97
1359,4,1,6,75
1410,5,0,6,85
1331,4,1,8,82
1436,5,0,6,86
1479,5,0,6,89
1395,4,1,6,75
1371,4,1,8,84
1440,5,0,7,91
1321,4,1,6,71
1400,4,1,7,80
1411,5,0,7,94
1403,5,0,7,92
1418,5,0,6,88
1353,4,1,8,84
1322,4,1,8,81
1385,4,1,7,80
1440,5,0,7,92
1446,5,0,6,90
1387,4,1,8,80
1441,5,0,6,86
1470,5,0,6,88
1354,4,1,6,74
1415,5,0,6,85
1317,4,1,6,72
1449,5,0,8,96
1301,4,1,8,80
1439,5,0,6,86
1482,5,0,7,94
1416,5,0,7,90
1396,4,1,6,71
1430,5,0,8,100
1454,5,0,8,96
1476,5,0,7,93
1489,5,0,6,85
1433,5,0,6,88
1331,4,1,7,77
1477,5,0,7,95
1352,4,1,8,84
1382,4,1,8,82
1308,4,1,7,76
1426,5,0,8,96
1471,5,0,6,89
1350,4,1,7,77
1473,5,0,8,95
1455,5,0,7,92
1404,5,0,7,90
1318,4,1,7,77
1410,5,0,6,89
1447,5,0,8,95
1493,5,0,6,89
1473,5,0,6,86
1340,4,1,6,74
1305,4,1,6,70
1450,5,0,8,100
1461,5,0,6,90
1421,5,0,7,95
1373,4,1,8,82
1417,5,0,8,99
1425,5,0,6,89
1411,5,0,7,90
1317,4,1,7,77
1416,5,0,8,98
1387,4,1,7,76
1475,5,0,7,94
1417,5,0,7,92
1427,5,0,6,86
1303,4,1,8,85
1432,5,0,6,89
1500,5,0,8,95
1367,4,1,7,77
1497,5,0,7,93
1374,4,1,8,80
1403,5,0,7,94
1371,4,1,8,85
1484,5,0,8,98
1333,4,1,8,83
1333,4,1,6,70
1491,5,0,8,95
1324,4,1,6,72
1400,4,1,8,85
1348,4,1,8,84
1374,4,1,7,77
1451,5,0,8,97
1439,5,0,8,96
1372,4,1,7,78
1304,4,1,8,80
1360,4,1,8,84
1453,5,0,8,99
1444,5,0,6,87
1424,5,0,7,92
1491,5,0,7,95
1495,5,0,8,95
1368,4,1,6,71
1324,4,1,6,75
1428,5,0,6,85
1383,4,1,6,70
1431,5,0,8,100
1391,4,1,8,81
1436,5,0,8,97
1327,4,1,8,85
1460,5,0,6,88
1361,4,1,8,85
1437,5,0,7,90
1321,4,1,7,76
1378,4,1,8,83
1494,5,0,7,91
1388,4,1,6,73
1421,5,0,7,93
1302,4,1,6,70
1356,4,1,8,82
1373,4,1,6,71
1422,5,0,8,97
1382,4,1,8,83
1409,5,0,8,97
1474,5,0,6,86
1433,5,0,6,85
1485,5,0,8,98
1390,4,1,8,85
1478,5,0,8,96
1398,4,1,8,80
1342,4,1,7,80
1349,4,1,8,82
1300,3,2,6,58
1489,5,0,6,86
1364,4,1,6,75
1454,5,0,8,100
1443,5,0,7,92
1476,5,0,6,90
1475,5,0,8,96
1315,4,1,6,71
1376,4,1,7,79
1463,5,0,8,97
1352,4,1,6,74
1326,4,1,8,82
1452,5,0,6,85
1315,4,1,8,81
1311,4,1,8,84
1376,4,1,8,80
1411,5,0,6,90
1495,5,0,8,95
1361,4,1,8,84
1494,5,0,7,95
1372,4,1,8,81
1335,4,1,6,70
1452,5,0,8,95
1469,5,0,8,95
1474,5,0,6,86
1328,4,1,8,85
1480,5,0,6,88
1357,4,1,8,82
1367,4,1,8,81
1465,5,0,7,91
1346,4,1,7,79
1398,4,1,7,76
1383,4,1,7,75
1399,4,1,6,73
1316,4,1,6,71
1345,4,1,8,83
1332,4,1,6,72
1325,4,1,6,75
1454,5,0,7,92
1369,4,1,6,75
1432,5,0,6,85
1342,4,1,7,78
1431,5,0,7,95
1347,4,1,8,82
1476,5,0,7,94
1374,4,1,7,75
1408,5,0,7,91
1497,5,0,6,85
1320,4,1,6,71
1416,5,0,8,98
1314,4,1,8,85
1460,5,0,8,100
1314,4,1,7,80
1319,4,1,8,80
1392,4,1,6,73
1351,4,1,6,73
1396,4,1,6,74
1388,4,1,7,78
1364,4,1,8,83
1459,5,0,8,99
1356,4,1,6,71
1320,4,1,6,74
1344,4,1,7,77
1425,5,0,6,89
1405,5,0,7,95
1327,4,1,6,72
1324,4,1,8,84
1417,5,0,7,90
1467,5,0,8,95
1367,4,1,8,80
1435,5,0,8,100
1345,4,1,8,83
1308,4,1,8,85
1392,4,1,6,72
1324,4,1,6,75
1329,4,1,8,84
1406,5,0,7,95
1303,4,1,6,72
1435,5,0,7,91
1358,4,1,7,79
1422,5,0,7,93
1312,4,1,6,70
1490,5,0,8,97
1395,4,1,6,75
1311,4,1,6,71
1361,4,1,7,75
1414,5,0,7,92
1365,4,1,7,80
1360,4,1,6,73
1438,5,0,7,92
1307,4,1,8,85
1451,5,0,6,86
1455,5,0,6,88
1302,4,1,6,72
1381,4,1,7,75
1306,4,1,6,74
1457,5,0,7,92
1330,4,1,6,70
1314,4,1,6,74
1453,5,0,6,88
1320,4,1,8,84
1400,4,1,8,85
1447,5,0,7,92
1338,4,1,6,70
1405,5,0,6,89
1477,5,0,8,95
1397,4,1,7,76
1328,4,1,7,78
1309,4,1,8,82
1349,4,1,7,80
1426,5,0,7,91
1475,5,0,6,86
1394,4,1,7,76
1373,4,1,8,82
1390,4,1,6,75
1379,4,1,7,80
1461,5,0,7,92
1491,5,0,6,90
1452,5,0,8,98
1347,4,1,7,77
1435,5,0,8,99
1372,4,1,7,80
1416,5,0,6,85
1360,4,1,6,72
1330,4,1,7,77
1422,5,0,7,93
1424,5,0,6,90
1395,4,1,6,75
1476,5,0,7,93
1321,4,1,6,75
1317,4,1,7,76
1445,5,0,6,87
1391,4,1,6,72
1465,5,0,6,89
1431,5,0,6,87
1424,5,0,7,93
1332,4,1,8,85
1494,5,0,8,96
1498,5,0,6,87
1369,4,1,8,82
1455,5,0,7,90
1354,4,1,6,73
1423,5,0,8,100
1473,5,0,7,93
1322,4,1,7,75
1316,4,1,8,84
1479,5,0,7,95
1489,5,0,6,88
1350,4,1,6,71
1484,5,0,8,97
1348,4,1,7,78
1321,4,1,8,85
1493,5,0,8,97
1325,4,1,7,80
1495,5,0,7,91
1441,5,0,7,90
1451,5,0,7,90
1419,5,0,8,95
1310,4,1,6,74
1448,5,0,8,97
1312,4,1,6,70
1424,5,0,6,89
1497,5,0,8,99
1389,4,1,6,72
1435,5,0,7,92
1391,4,1,7,75
1339,4,1,8,84
1379,4,1,7,75
1455,5,0,6,88
1464,5,0,7,93
1330,4,1,6,73
1493,5,0,7,95
1351,4,1,6,71
1402,5,0,8,98
1412,5,0,8,97
1394,4,1,8,81
1418,5,0,7,92
1386,4,1,7,76
1330,4,1,7,75
1385,4,1,6,70
1400,4,1,7,78
1328,4,1,8,83
1385,4,1,6,70
1495,5,0,7,92
1442,5,0,7,95
1462,5,0,7,95
1430,5,0,7,94
1371,4,1,6,74
1325,4,1,6,72
1328,4,1,6,75
1353,4,1,8,84
1386,4,1,6,72
1306,4,1,6,73
1340,4,1,8,81
1409,5,0,6,88
1424,5,0,6,86
1366,4,1,6,74
1327,4,1,7,78
1357,4,1,7,75
1427,5,0,7,92
1375,4,1,7,77
1367,4,1,8,80
1379,4,1,6,73
1407,5,0,6,85
1321,4,1,8,85
1455,5,0,6,86
1320,4,1,8,83
1441,5,0,8,100
1323,4,1,8,81
1378,4,1,7,79
1462,5,0,6,86
1389,4,1,8,85
1462,5,0,7,95
1366,4,1,7,80
1340,4,1,8,84
1405,5,0,7,95
1410,5,0,8,95
1348,4,1,7,78
1344,4,1,8,80
1455,5,0,8,100
1410,5,0,7,92
1455,5,0,6,88
1314,4,1,7,76
1302,4,1,7,77
1411,5,0,6,88
1389,4,1,7,79
1312,4,1,8,82
1320,4,1,6,75
1371,4,1,7,75
1476,5,0,8,97
1453,5,0,7,95
1481,5,0,8,99
1305,4,1,8,80
1371,4,1,6,70
1469,5,0,8,100
1413,5,0,7,94
1439,5,0,7,90
1323,4,1,6,72
1426,5,0,7,92
1349,4,1,6,75
1457,5,0,8,100
1397,4,1,6,74
1383,4,1,7,78
1351,4,1,7,80
1350,4,1,6,70
1491,5,0,6,87
1464,5,0,7,95
1415,5,0,6,88
1347,4,1,6,75
1488,5,0,6,89
1415,5,0,8,99
1434,5,0,6,85
1305,4,1,8,83
1473,5,0,7,93
1466,5,0,6,88
1493,5,0,6,85
1351,4,1,6,74
1496,5,0,8,99
1354,4,1,6,70
1443,5,0,7,92
1367,4,1,7,78
1309,4,1,6,71
1379,4,1,7,79
1385,4,1,8,81
1453,5,0,7,93
1499,5,0,7,90
1498,5,0,7,93
1428,5,0,6,85
1387,4,1,6,75
1311,4,1,6,73
1354,4,1,8,84
1426,5,0,8,96
1330,4,1,7,78
1437,5,0,7,94
1464,5,0,6,89
1317,4,1,7,80
1371,4,1,6,71
1397,4,1,6,70
1471,5,0,6,88
1453,5,0,6,90
1375,4,1,6,71
1490,5,0,6,89
1448,5,0,7,95
1485,5,0,8,96
1496,5,0,6,86
1359,4,1,6,71
1410,5,0,8,97
1345,4,1,7,78
1417,5,0,8,96
1337,4,1,8,80
1326,4,1,8,80
1400,4,1,7,77
1490,5,0,7,91
1467,5,0,6,90
1318,4,1,7,78
1481,5,0,7,91
1343,4,1,7,76
1323,4,1,6,74
1484,5,0,8,99
1342,4,1,8,83
1497,5,0,7,90
1408,5,0,6,87
1401,5,0,8,98
1449,5,0,8,98
1388,4,1,8,84
1413,5,0,7,91
1355,4,1,6,71
1458,5,0,6,87
1478,5,0,8,95
1326,4,1,7,76
1356,4,1,8,84
1322,4,1,6,73
1427,5,0,7,94
1383,4,1,6,70
1360,4,1,6,73
1321,4,1,8,82
1420,5,0,6,85
1305,4,1,6,75
1413,5,0,7,91
1339,4,1,8,80
1427,5,0,7,95
1361,4,1,8,85
1412,5,0,8,95
1390,4,1,7,76
1436,5,0,7,93
1423,5,0,8,100
1362,4,1,6,75
1430,5,0,7,94
1346,4,1,6,72
1383,4,1,8,83
1351,4,1,8,84
1478,5,0,6,86
1452,5,0,8,100
1466,5,0,8,99
1433,5,0,6,88
1369,4,1,6,70
1381,4,1,8,81
1468,5,0,6,86
1436,5,0,7,95
1421,5,0,6,88
1430,5,0,8,97
1369,4,1,8,83
1485,5,0,6,90
1464,5,0,6,85
1409,5,0,6,89
1316,4,1,7,77
1419,5,0,6,89
1430,5,0,8,97
1485,5,0,7,95
1353,4,1,6,71
1450,5,0,7,92
1409,5,0,7,95
1409,5,0,7,92
1348,4,1,7,75
1324,4,1,8,82
1423,5,0,6,88
1421,5,0,7,91
1301,4,1,7,76
1326,4,1,8,82
1497,5,0,7,93
1373,4,1,6,71
1460,5,0,8,98
1434,5,0,8,98
1396,4,1,8,84
1459,5,0,6,86
1455,5,0,7,92
1487,5,0,7,92
1494,5,0,8,97
1395,4,1,8,85
1349,4,1,7,76
1471,5,0,6,87
1479,5,0,7,90
1347,4,1,7,79
1416,5,0,7,94
1349,4,1,7,79
1305,4,1,8,84
1379,4,1,6,70
1470,5,0,6,87
1372,4,1,6,75
1361,4,1,6,71
1472,5,0,6,87
1374,4,1,7,79
1403,5,0,6,89
1433,5,0,7,91
1405,5,0,6,88
1302,4,1,8,80
1450,5,0,8,97
1337,4,1,8,82
1316,4,1,8,85
1340,4,1,7,77
1496,5,0,6,85
1333,4,1,7,77
1333,4,1,8,85
1416,5,0,6,85
1330,4,1,7,77
1458,5,0,8,98
1348,4,1,7,80
1468,5,0,6,87
1326,4,1,7,76
1314,4,1,8,83
1315,4,1,8,84
1307,4,1,6,74
1393,4,1,6,72
1397,4,1,8,85
1330,4,1,8,84
1333,4,1,6,75
1333,4,1,8,85
1388,4,1,6,73
1465,5,0,6,89
1330,4,1,6,75
1365,4,1,7,77
1322,4,1,6,75
1449,5,0,7,92
1321,4,1,7,79
1388,4,1,6,75
1343,4,1,6,75
1451,5,0,7,94
1469,5,0,7,95
1325,4,1,7,79
1326,4,1,7,75
1354,4,1,7,75
1430,5,0,8,100
1444,5,0,8,100
1440,5,0,8,97
1393,4,1,8,80
1303,4,1,7,78
1363,4,1,6,71
1449,5,0,6,88
1466,5,0,7,93
1371,4,1,8,85
1365,4,1,8,80
1314,4,1,7,79
1475,5,0,6,90
1375,4,1,8,81
1318,4,1,7,75
1364,4,1,7,76
1392,4,1,7,79
1429,5,0,8,98
1422,5,0,7,91
1307,4,1,6,71
1394,4,1,8,85
1419,5,0,7,91
1375,4,1,6,73
1465,5,0,8,100
1372,4,1,7,79
1456,5,0,6,90
1498,5,0,6,86
1404,5,0,6,85
1484,5,0,7,92
1389,4,1,6,73
1445,5,0,7,91
1447,5,0,7,91
1415,5,0,7,91
1415,5,0,6,89
1382,4,1,7,80
1318,4,1,6,71
1399,4,1,7,77
1306,4,1,6,74
1388,4,1,8,85
1475,5,0,6,88
1417,5,0,8,99
1486,5,0,6,85
1390,4,1,7,77
1347,4,1,8,83
1487,5,0,7,91
1421,5,0,7,94
1323,4,1,7,80
1371,4,1,7,80
1449,5,0,8,98
1485,5,0,7,93
1493,5,0,8,99
1316,4,1,7,76
1305,4,1,7,79
1332,4,1,8,85
1305,4,1,6,70
1352,4,1,7,80
1384,4,1,7,77
1447,5,0,8,97
1311,4,1,8,83
1446,5,0,7,90
1425,5,0,8,99
1497,5,0,8,95
1420,5,0,8,95
1414,5,0,8,96
1361,4,1,7,80
1482,5,0,8,96
1321,4,1,8,81
1500,5,0,7,92
1453,5,0,6,85
1397,4,1,7,78
1419,5,0,7,93
1340,4,1,7,78
1397,4,1,6,70
1424,5,0,8,96
1367,4,1,8,80
1332,4,1,7,80
1449,5,0,6,88
1335,4,1,6,71
1437,5,0,8,100
1318,4,1,8,82
1310,4,1,6,72
1385,4,1,7,78
1473,5,0,7,90
1391,4,1,6,72
1387,4,1,8,82
1362,4,1,7,78
1368,4,1,6,72
1494,5,0,7,93
1447,5,0,7,94
1371,4,1,8,81
1390,4,1,7,79
1485,5,0,7,93
1468,5,0,7,91
1449,5,0,6,88
1387,4,1,8,83
1322,4,1,7,78
1479,5,0,6,87
1313,4,1,8,80
1331,4,1,6,75
1392,4,1,6,71
1468,5,0,7,95
1381,4,1,8,82
1355,4,1,8,85
1464,5,0,6,88
1355,4,1,6,71
1408,5,0,8,97
1306,4,1,6,73
1396,4,1,6,73
1486,5,0,6,87
1449,5,0,6,85
1445,5,0,8,96
1329,4,1,6,73
1334,4,1,6,72
1427,5,0,6,90
1355,4,1,8,83
1381,4,1,7,76
1368,4,1,8,80
1396,4,1,8,81
1407,5,0,8,97
1323,4,1,7,80
1379,4,1,8,83
1442,5,0,7,94
1394,4,1,6,71
1468,5,0,7,95
1360,4,1,8,85
1367,4,1,6,71
1487,5,0,8,100
1462,5,0,8,96
1457,5,0,8,98
1335,4,1,7,77
1375,4,1,6,72
1456,5,0,7,95
1485,5,0,6,89
1361,4,1,8,80
1414,5,0,6,86
1348,4,1,8,84
1387,4,1,8,80
1364,4,1,7,75
1465,5,0,6,89
1458,5,0,7,94
1358,4,1,6,71
1321,4,1,6,75
1330,4,1,6,74
1406,5,0,8,96
1474,5,0,6,89
1440,5,0,7,91
1415,5,0,8,99
1499,5,0,8,99
1449,5,0,7,95
1479,5,0,7,90
1491,5,0,8,97
1469,5,0,8,95
1308,4,1,6,74
1437,5,0,6,90
1446,5,0,7,92
1301,4,1,8,83
1495,5,0,6,87
1385,4,1,6,70
1461,5,0,8,97
1406,5,0,8,100
1348,4,1,6,71
1342,4,1,6,73
1426,5,0,7,90
1383,4,1,8,84
1436,5,0,7,94
1497,5,0,8,100
1344,4,1,8,85
1424,5,0,6,89
1381,4,1,8,83
1492,5,0,8,97
1449,5,0,8,98
1354,4,1,7,75
1326,4,1,7,79
1472,5,0,6,86
1319,4,1,7,78
1356,4,1,6,72
1465,5,0,6,85
1300,3,2,6,56
1470,5,0,8,96
1311,4,1,6,73
1459,5,0,6,89
1460,5,0,7,95
1446,5,0,8,100
1340,4,1,6,75
1339,4,1,8,83
1410,5,0,7,93
1317,4,1,7,80
1332,4,1,8,80
1473,5,0,7,90
1411,5,0,6,85
1338,4,1,6,70
1408,5,0,8,97
1313,4,1,8,83
1445,5,0,6,85
1367,4,1,8,81
1345,4,1,8,80
1304,4,1,6,72
1407,5,0,8,99
1383,4,1,6,74
1347,4,1,6,73
1341,4,1,6,75
1343,4,1,8,82
1393,4,1,8,84
1430,5,0,7,91
1319,4,1,6,75
1350,4,1,6,72
1327,4,1,6,71
1450,5,0,8,98
1457,5,0,7,93
1463,5,0,8,96
1392,4,1,8,82
1389,4,1,8,80
1464,5,0,7,94
1347,4,1,6,72
1466,5,0,6,87
1307,4,1,6,72
1397,4,1,7,80
1381,4,1,6,70
1351,4,1,7,78
1340,4,1,7,76
1318,4,1,6,74
1355,4,1,8,81
1425,5,0,7,90
1412,5,0,6,85
1475,5,0,7,91
1375,4,1,7,77
1428,5,0,8,97
1472,5,0,7,92
1355,4,1,8,84
1470,5,0,8,96
1303,4,1,8,80
1410,5,0,8,100
1474,5,0,7,91
1312,4,1,6,74
1419,5,0,8,98
1390,4,1,8,80
1383,4,1,8,81
1358,4,1,8,81
1401,5,0,6,89
1495,5,0,6,85
1377,4,1,6,71
1330,4,1,6,73
1300,3,2,7,60
1350,4,1,8,84
1339,4,1,6,71
1490,5,0,6,90
1331,4,1,6,73
1318,4,1,8,81
1427,5,0,8,97
1398,4,1,8,83
1425,5,0,6,85
1313,4,1,7,75
1435,5,0,7,93
1343,4,1,7,79
1436,5,0,7,92
1450,5,0,6,90
1300,3,2,7,65
1452,5,0,8,96
1404,5,0,6,86
1468,5,0,8,100
1470,5,0,8,96
1321,4,1,7,77
1382,4,1,8,80
1409,5,0,8,100
1337,4,1,8,85
1405,5,0,8,98
1427,5,0,6,90
1368,4,1,6,71
1382,4,1,7,80
1308,4,1,6,74
1318,4,1,6,71
1379,4,1,7,77
1369,4,1,8,85
1427,5,0,8,98
1329,4,1,6,72
1368,4,1,6,73
1360,4,1,8,80
1344,4,1,6,70
1342,4,1,6,71
1327,4,1,7,75
1433,5,0,8,96
1412,5,0,7,95
1371,4,1,6,75
1497,5,0,8,97
1444,5,0,7,94
1345,4,1,7,76
1484,5,0,7,92
1319,4,1,6,72
1443,5,0,7,92
1339,4,1,6,74
1370,4,1,6,70
1318,4,1,7,79
1443,5,0,8,98
1307,4,1,8,85
1302,4,1,6,73
1339,4,1,8,82
1313,4,1,6,71
1312,4,1,6,74
1314,4,1,7,77
1442,5,0,7,94
1393,4,1,7,80
1352,4,1,8,82
1300,3,2,7,62
1339,4,1,7,77
1461,5,0,7,94
1432,5,0,8,95
1322,4,1,6,73
1392,4,1,8,82
1348,4,1,6,73
1482,5,0,6,88
1493,5,0,6,89
1482,5,0,6,87
1324,4,1,6,71
1431,5,0,6,87
1446,5,0,7,94
1474,5,0,8,99
1377,4,1,6,70
1486,5,0,7,92
1448,5,0,6,87
1441,5,0,8,97
1486,5,0,7,92
1469,5,0,7,93
1417,5,0,6,85
1360,4,1,7,77
1327,4,1,6,71
1456,5,0,8,99
1362,4,1,7,79
1409,5,0,7,95
1393,4,1,8,85
1463,5,0,8,99
1419,5,0,8,100
1336,4,1,7,80
1374,4,1,7,76
1469,5,0,8,100
1389,4,1,8,81
1338,4,1,7,78
1304,4,1,8,83
1304,4,1,6,75
1364,4,1,6,72
1401,5,0,6,87
1462,5,0,7,94
1404,5,0,7,95
1406,5,0,7,93
1351,4,1,8,84
1416,5,0,8,99
1480,5,0,7,95
1333,4,1,8,80
1447,5,0,6,87
1445,5,0,6,89
1406,5,0,6,88
1458,5,0,7,93
1355,4,1,7,77
1432,5,0,6,86
1458,5,0,8,99
1447,5,0,6,90
1321,4,1,7,75
1396,4,1,6,75
1475,5,0,8,100
1313,4,1,8,81
1483,5,0,7,93
1387,4,1,6,75
1484,5,0,6,88
1320,4,1,7,78
1326,4,1,8,85
1494,5,0,7,91
1459,5,0,7,90
1439,5,0,6,88
1484,5,0,6,89
1345,4,1,7,78
1307,4,1,6,75
1403,5,0,6,89
1420,5,0,6,85
1454,5,0,8,98
1359,4,1,6,70
1363,4,1,7,80
1479,5,0,6,89
1343,4,1,8,82
1438,5,0,7,93
1493,5,0,6,87
1351,4,1,8,81
1458,5,0,6,85
1494,5,0,7,90
1479,5,0,8,97
1301,4,1,8,85
1354,4,1,6,71
1324,4,1,6,70
1474,5,0,8,100
1466,5,0,7,92
1307,4,1,6,71
1489,5,0,7,94
1491,5,0,6,88
1463,5,0,6,86
1474,5,0,8,99
1430,5,0,6,86
1306,4,1,6,72
1368,4,1,7,79
1432,5,0,8,100
1349,4,1,7,80
1439,5,0,6,88
1456,5,0,8,96
1471,5,0,7,95
1486,5,0,8,95
1341,4,1,7,75
1373,4,1,8,80
1326,4,1,6,74
1413,5,0,8,100
1431,5,0,7,94
1372,4,1,8,83
1367,4,1,7,79
1360,4,1,7,75
1368,4,1,7,75
1498,5,0,8,99
1470,5,0,7,94
1441,5,0,7,95
1464,5,0,6,86
1432,5,0,6,87
1361,4,1,8,81
1310,4,1,7,78
1305,4,1,6,70
1415,5,0,7,91
1305,4,1,8,84
1462,5,0,6,88
1435,5,0,6,89
1330,4,1,6,73
1351,4,1,8,85
1404,5,0,6,88
1456,5,0,8,97
1355,4,1,6,74
1444,5,0,6,89
1434,5,0,8,96
1317,4,1,8,85
1451,5,0,7,90
1486,5,0,7,92
1387,4,1,8,81
1342,4,1,6,72
1424,5,0,7,90
1477,5,0,8,99
1342,4,1,6,70
1453,5,0,7,92
1417,5,0,8,99
1301,4,1,8,83
1391,4,1,6,74
1446,5,0,8,97
1454,5,0,7,91
1473,5,0,6,88
1433,5,0,6,87
1432,5,0,6,88
1395,4,1,7,78
1413,5,0,7,93
1309,4,1,6,71
1374,4,1,8,82
1360,4,1,6,70
1389,4,1,7,80
1424,5,0,8,97
1311,4,1,7,80
1306,4,1,7,79
1437,5,0,6,86
1467,5,0,7,93
1376,4,1,6,72
1463,5,0,7,94
1350,4,1,6,75
1416,5,0,8,95
1448,5,0,7,93
1490,5,0,6,89
1392,4,1,7,79
1334,4,1,8,83
1453,5,0,6,89
1430,5,0,7,91
1426,5,0,8,96
1336,4,1,7,80
1303,4,1,7,76
1351,4,1,8,81
1371,4,1,7,79
1472,5,0,7,92
1303,4,1,8,81
1339,4,1,8,83
1347,4,1,6,72
1312,4,1,8,85
1386,4,1,7,80
1419,5,0,7,94
1300,3,2,7,64
1352,4,1,6,74
1382,4,1,7,75
1397,4,1,8,84
1472,5,0,8,100
1491,5,0,8,97
1400,4,1,7,75
1424,5,0,8,95
1318,4,1,8,82
1446,5,0,8,99
1468,5,0,6,85
1318,4,1,8,82
1379,4,1,7,80
1455,5,0,6,88
1469,5,0,8,96
1332,4,1,8,84
1476,5,0,6,87
1454,5,0,8,96
1446,5,0,8,97
1383,4,1,7,77
1325,4,1,6,72
1362,4,1,7,79
1435,5,0,8,100
1396,4,1,6,73
1325,4,1,7,79
1369,4,1,8,80
1414,5,0,6,87
1441,5,0,7,91
1334,4,1,6,72
1361,4,1,8,81
1326,4,1,6,75
1319,4,1,6,72
1403,5,0,8,99
1309,4,1,7,80
1439,5,0,7,94
1390,4,1,7,79
1478,5,0,8,100
1367,4,1,6,71
1463,5,0,6,89
1460,5,0,7,93
1433,5,0,8,98
1480,5,0,6,85
1383,4,1,8,84
1313,4,1,8,81
1428,5,0,6,86
1353,4,1,7,79
1408,5,0,8,100
1461,5,0,7,93
1450,5,0,8,99
1404,5,0,8,100
1317,4,1,6,70
1399,4,1,7,79
1341,4,1,6,72
1397,4,1,8,85
1418,5,0,7,90
1499,5,0,7,90
1379,4,1,8,84
1488,5,0,7,92
1338,4,1,7,80
1451,5,0,7,92
1305,4,1,7,76
1437,5,0,6,86
1416,5,0,6,87
1346,4,1,7,77
1469,5,0,6,88
1440,5,0,7,95
1355,4,1,6,73
1366,4,1,8,84
1491,5,0,6,89
1376,4,1,7,77
1475,5,0,8,98
1444,5,0,7,90
1475,5,0,6,88
1346,4,1,6,71
1348,4,1,8,81
1497,5,0,6,86
1386,4,1,8,82
1485,5,0,7,95
1438,5,0,8,97
1458,5,0,6,86
1429,5,0,8,99
1409,5,0,7,90
1321,4,1,7,75
1365,4,1,6,75
1409,5,0,8,95
1397,4,1,8,84
1321,4,1,6,71
1319,4,1,7,75
1494,5,0,8,95
1316,4,1,6,75
1393,4,1,8,85
1486,5,0,6,87
1468,5,0,8,97
1493,5,0,8,99
1478,5,0,6,88
1396,4,1,7,76
1396,4,1,7,77
1367,4,1,6,73
1417,5,0,6,87
1345,4,1,8,82
1484,5,0,7,93
1420,5,0,7,90
1304,4,1,7,77
1434,5,0,6,88
1375,4,1,8,85
1326,4,1,7,75
1412,5,0,7,91
1317,4,1,6,72
1434,5,0,7,93
1317,4,1,6,75
1458,5,0,8,99
1451,5,0,6,88
1387,4,1,6,72
1465,5,0,7,91
1450,5,0,7,91
1318,4,1,7,78
1342,4,1,8,84
1445,5,0,7,91
1454,5,0,8,96
1362,4,1,6,71
1359,4,1,7,75
1411,5,0,8,98
1326,4,1,8,84
1415,5,0,6,90
1363,4,1,6,72
1351,4,1,7,77
1488,5,0,8,95
1479,5,0,8,97
1418,5,0,6,87
1496,5,0,8,95
1419,5,0,8,98
1306,4,1,7,79
1423,5,0,7,91
1405,5,0,8,96
1481,5,0,8,97
1446,5,0,7,91
1384,4,1,7,77
1440,5,0,8,95
1415,5,0,8,98
1351,4,1,8,80
1478,5,0,7,94
1489,5,0,7,94
1302,4,1,6,72
1408,5,0,6,86
1462,5,0,8,95
1345,4,1,7,79
1311,4,1,6,75
1389,4,1,7,78
1409,5,0,7,95
1306,4,1,6,73
1354,4,1,7,76
1498,5,0,8,99
1403,5,0,8,96
1341,4,1,7,76
1455,5,0,6,85
1353,4,1,8,82
1372,4,1,6,70
1456,5,0,7,92
1432,5,0,8,98
1395,4,1,8,84
1347,4,1,7,76
1451,5,0,7,93
1433,5,0,8,95
1440,5,0,6,89
1364,4,1,6,72
1322,4,1,7,78
1317,4,1,8,85
1303,4,1,8,82
1348,4,1,7,80
1301,4,1,8,83
1454,5,0,7,94
1457,5,0,6,88
1471,5,0,7,93
1429,5,0,8,100
1375,4,1,7,78
1339,4,1,7,76
1366,4,1,6,75
1338,4,1,8,85
1470,5,0,8,96
1403,5,0,6,85
1476,5,0,7,90
1330,4,1,6,71
1450,5,0,8,97
1453,5,0,8,96
1382,4,1,8,80
1408,5,0,6,87
1491,5,0,7,94
1352,4,1,7,77
1304,4,1,6,71
1381,4,1,6,73
1390,4,1,6,73
1334,4,1,8,83
1317,4,1,8,80
1363,4,1,7,75
1479,5,0,8,99
1318,4,1,7,75
1342,4,1,7,79
1491,5,0,8,97
1355,4,1,6,74
1397,4,1,7,78
1484,5,0,7,90
1365,4,1,7,75
1340,4,1,7,78
1431,5,0,7,94
1443,5,0,7,90
1308,4,1,6,73
1430,5,0,7,92
1376,4,1,6,73
1415,5,0,8,98
1426,5,0,7,90
1454,5,0,7,91
1463,5,0,8,95
1415,5,0,8,96
1476,5,0,6,86
1334,4,1,8,80
1338,4,1,8,81
1424,5,0,8,100
1358,4,1,7,78
1369,4,1,7,75
1461,5,0,6,87
1358,4,1,6,71
1484,5,0,6,86
1467,5,0,7,90
1394,4,1,6,75
1401,5,0,8,99
1376,4,1,7,80
1302,4,1,8,80
1485,5,0,6,90
1364,4,1,8,84
1421,5,0,7,90
1419,5,0,8,97
1360,4,1,8,84
1483,5,0,7,94
1308,4,1,6,71
1438,5,0,8,97
1397,4,1,8,84
1311,4,1,7,77
1430,5,0,7,95
1450,5,0,7,94
1307,4,1,8,80
1493,5,0,6,88
1430,5,0,6,89
1362,4,1,6,74
1461,5,0,8,97
1407,5,0,7,91
1388,4,1,7,77
1430,5,0,7,91
1472,5,0,8,97
1456,5,0,6,85
1445,5,0,7,93
1420,5,0,8,98
1336,4,1,8,84
1307,4,1,8,85
1357,4,1,7,80
1420,5,0,8,97
1366,4,1,8,83
1308,4,1,8,84
1441,5,0,8,100
1473,5,0,6,90
1344,4,1,6,70
1420,5,0,6,85
1352,4,1,7,77
1409,5,0,7,94
1375,4,1,6,72
1381,4,1,7,80
1450,5,0,6,89
1498,5,0,7,94
1359,4,1,6,75
1482,5,0,6,88
1442,5,0,7,95
1492,5,0,7,92
1391,4,1,8,81
1372,4,1,8,81
1313,4,1,6,73
1319,4,1,6,74
1358,4,1,8,84
1360,4,1,7,80
1435,5,0,6,86
1413,5,0,7,92
1374,4,1,8,84
1316,4,1,8,84
1447,5,0,7,90
1372,4,1,7,77
1440,5,0,8,96
1361,4,1,6,75
1433,5,0,6,85
1430,5,0,7,92
1447,5,0,8,97
1389,4,1,8,84
1308,4,1,7,77
1394,4,1,6,70
1427,5,0,8,96
1493,5,0,7,95
1435,5,0,7,93
1472,5,0,6,86
1328,4,1,6,72
1361,4,1,8,80
1488,5,0,8,98
1430,5,0,8,96
1499,5,0,7,90
1319,4,1,8,85
1368,4,1,6,74
1356,4,1,7,77
1481,5,0,6,88
1349,4,1,8,83
1451,5,0,6,90
1354,4,1,8,82
1456,5,0,6,85
1394,4,1,7,80
1445,5,0,7,90
1373,4,1,7,78
1417,5,0,8,95
1327,4,1,8,81
1311,4,1,7,80
1494,5,0,7,92
1486,5,0,8,98
1394,4,1,8,80
1321,4,1,8,84
1312,4,1,6,72
1441,5,0,7,90
1346,4,1,8,85
1408,5,0,6,88
1400,4,1,8,80
1390,4,1,8,81
1451,5,0,8,96
1305,4,1,8,83
1442,5,0,8,99
1356,4,1,7,79
1476,5,0,6,90
1418,5,0,7,91
1437,5,0,8,95
1330,4,1,8,80
1426,5,0,7,92
1332,4,1,8,83
1309,4,1,6,75
1342,4,1,8,82
1314,4,1,7,76
1311,4,1,7,79
1447,5,0,8,96
1474,5,0,6,90
1473,5,0,7,94
1364,4,1,8,83
1494,5,0,6,90
1304,4,1,8,82
1447,5,0,7,92
1478,5,0,6,89
1366,4,1,8,81
1484,5,0,6,89
1441,5,0,8,100
1422,5,0,6,90
1361,4,1,8,80
1395,4,1,7,80
1475,5,0,6,87
1431,5,0,7,92
1436,5,0,8,97
1377,4,1,7,77
1456,5,0,6,90
1483,5,0,8,95
1496,5,0,7,94
1349,4,1,8,81
1388,4,1,8,82
1440,5,0,6,89
1384,4,1,6,74
1348,4,1,8,82
1384,4,1,7,75
1490,5,0,6,87
1434,5,0,8,99
1365,4,1,8,85
1496,5,0,7,94
1316,4,1,6,72
1353,4,1,6,71
1497,5,0,6,86
1357,4,1,7,75
1413,5,0,7,91
1407,5,0,7,90
1330,4,1,7,77
1334,4,1,8,84
1457,5,0,6,85
1394,4,1,6,74
1375,4,1,7,75
1403,5,0,7,94
1417,5,0,8,98
1305,4,1,7,77
1380,4,1,7,80
1368,4,1,7,78
1494,5,0,8,98
1428,5,0,6,88
1477,5,0,7,93
1442,5,0,6,88
1357,4,1,6,71
1314,4,1,6,74
1473,5,0,7,94
1327,4,1,7,75
1480,5,0,8,98
1416,5,0,8,97
1434,5,0,7,92
1322,4,1,6,74
1486,5,0,6,86
1313,4,1,6,72
1392,4,1,8,85
1362,4,1,8,82
1388,4,1,7,77
1500,5,0,7,94
1351,4,1,6,70
1499,5,0,7,95
1323,4,1,8,80
1400,4,1,7,78
1323,4,1,8,82
1305,4,1,6,70
1493,5,0,7,91
1406,5,0,6,89
1435,5,0,8,97
1326,4,1,7,78
1357,4,1,7,79
1320,4,1,8,83
1389,4,1,8,85
1438,5,0,7,95
1373,4,1,8,80
1339,4,1,7,80
1404,5,0,7,91
1459,5,0,6,86
1493,5,0,8,99
1436,5,0,6,89
1411,5,0,8,98
1457,5,0,8,97
1438,5,0,8,98
1305,4,1,7,76
1444,5,0,8,99
1447,5,0,8,99
1303,4,1,6,74
1431,5,0,7,90
1476,5,0,6,87
1439,5,0,8,97
1432,5,0,7,95
1330,4,1,6,74
1351,4,1,6,71
1477,5,0,7,91
1370,4,1,6,73
1453,5,0,7,94
1325,4,1,7,79
1388,4,1,7,79
1421,5,0,7,91
1378,4,1,8,81
1312,4,1,7,76
1343,4,1,7,75
1465,5,0,7,95
1380,4,1,6,73
1487,5,0,6,89
1305,4,1,7,80
1383,4,1,6,70
1303,4,1,7,77
1359,4,1,8,84
1330,4,1,6,71
1483,5,0,7,93
1390,4,1,8,85
1433,5,0,8,99
1499,5,0,8,100
1393,4,1,6,71
1401,5,0,7,91
1482,5,0,6,89
1392,4,1,6,70
1436,5,0,7,90
1344,4,1,7,79
1359,4,1,6,75
1406,5,0,6,86
1382,4,1,7,79
1380,4,1,6,73
1410,5,0,7,92
1396,4,1,6,73
1338,4,1,8,84
1401,5,0,7,90
1429,5,0,6,87
1466,5,0,8,97
1446,5,0,8,100
1449,5,0,8,97
1336,4,1,7,77
1333,4,1,7,76
1382,4,1,6,75
1430,5,0,7,95
1363,4,1,6,74
1357,4,1,8,85
1302,4,1,6,73
1340,4,1,8,83
1305,4,1,7,78
1381,4,1,6,75
1464,5,0,8,98
1305,4,1,6,73
1427,5,0,8,100
1499,5,0,7,94
1314,4,1,7,78
1363,4,1,8,84
1338,4,1,7,78
1345,4,1,6,73
1395,4,1,8,83
1360,4,1,8,83
1448,5,0,8,95
1398,4,1,7,80
1385,4,1,6,73
1416,5,0,6,86
1384,4,1,8,82
1355,4,1,6,72
1417,5,0,6,90
1389,4,1,7,76
1482,5,0,7,92
1464,5,0,8,98
1348,4,1,8,80
1422,5,0,7,94
1358,4,1,6,70
1400,4,1,7,79
1373,4,1,6,75
1337,4,1,8,81
1348,4,1,8,81
1437,5,0,6,90
1328,4,1,7,77
1451,5,0,7,93
1446,5,0,8,99
1371,4,1,7,80
1387,4,1,7,76
1400,4,1,8,84
1378,4,1,7,76
1301,4,1,8,83
1307,4,1,7,80
1474,5,0,8,97
1455,5,0,8,95
1323,4,1,8,81
1437,5,0,7,95
1445,5,0,6,89
1487,5,0,7,94
1307,4,1,8,85
1493,5,0,8,98
1365,4,1,7,78
1406,5,0,7,93
1401,5,0,7,94
1368,4,1,7,80
1381,4,1,8,84
1384,4,1,6,73
1324,4,1,6,71
1347,4,1,7,76
1410,5,0,8,100
1358,4,1,8,80
1339,4,1,6,71
1401,5,0,6,89
1391,4,1,7,79
1348,4,1,8,83
1491,5,0,6,88
1334,4,1,8,85
1425,5,0,7,93
1482,5,0,6,85
1315,4,1,7,79
1321,4,1,6,75
1443,5,0,7,95
1315,4,1,7,77
1456,5,0,6,88
1398,4,1,6,70
1329,4,1,8,85
1346,4,1,7,79
1493,5,0,6,86
1310,4,1,6,75
1455,5,0,6,85
1475,5,0,7,93
1468,5,0,8,95
1330,4,1,7,78
1410,5,0,7,93
1311,4,1,7,77
1492,5,0,7,91
1345,4,1,8,80
1340,4,1,6,73
1465,5,0,6,89
1409,5,0,6,90
1359,4,1,7,75
1435,5,0,8,97
1498,5,0,7,92
1449,5,0,8,97
1380,4,1,8,83
1318,4,1,7,76
1370,4,1,6,73
1412,5,0,8,95
1498,5,0,6,90
1357,4,1,6,74
1407,5,0,6,87
1449,5,0,6,89
1488,5,0,8,99
1456,5,0,8,99
1486,5,0,7,95
1401,5,0,7,91
1339,4,1,6,75
1480,5,0,6,87
1324,4,1,8,85
1410,5,0,8,97
1462,5,0,8,100
1425,5,0,7,91
1409,5,0,7,91
1349,4,1,8,80
1456,5,0,8,95
1320,4,1,8,82
1490,5,0,7,90
1338,4,1,7,80
1367,4,1,7,77
1432,5,0,6,90
1456,5,0,7,95
1442,5,0,7,90
1411,5,0,8,98
1475,5,0,8,95
1495,5,0,8,98
1332,4,1,8,83
1382,4,1,6,73
1500,5,0,7,95
1301,4,1,8,83
1347,4,1,8,84
1424,5,0,7,93
1459,5,0,6,85
1468,5,0,7,93
1436,5,0,7,92
1390,4,1,6,75
1351,4,1,7,76
1454,5,0,7,90
1309,4,1,8,83
1342,4,1,8,85
1483,5,0,7,94
1472,5,0,6,90
1495,5,0,8,98
1444,5,0,6,85
1420,5,0,7,95
1456,5,0,6,85
1491,5,0,8,96
1383,4,1,7,75
1415,5,0,8,97
1310,4,1,7,75
1323,4,1,7,80
1407,5,0,7,94
1396,4,1,7,78
1443,5,0,7,95
1328,4,1,7,77
1317,4,1,6,73
1353,4,1,8,80
1358,4,1,8,84
1308,4,1,8,83
1402,5,0,7,95
1396,4,1,6,74
1445,5,0,7,92
1305,4,1,8,84
1397,4,1,6,71
1332,4,1,6,74
1391,4,1,8,82
1354,4,1,7,75
1432,5,0,7,92
1393,4,1,6,72
1411,5,0,8,97
1436,5,0,6,88
1399,4,1,8,83
1405,5,0,6,89
1369,4,1,7,76
1444,5,0,7,92
1436,5,0,7,94
1320,4,1,8,83
1309,4,1,7,76
1431,5,0,6,90
1458,5,0,6,89
1334,4,1,6,70
1380,4,1,8,80
1329,4,1,6,73
1337,4,1,6,73
1410,5,0,8,99
1486,5,0,6,86
1490,5,0,8,97
1314,4,1,8,80
1433,5,0,8,98
1477,5,0,7,93
1368,4,1,6,74
1416,5,0,7,94
1460,5,0,6,87
1407,5,0,6,90
1414,5,0,6,90
1388,4,1,7,80
1329,4,1,7,77
1482,5,0,7,94
1302,4,1,6,75
1316,4,1,6,72
1461,5,0,7,91
1312,4,1,6,72
1382,4,1,6,75
1481,5,0,6,86
1389,4,1,6,72
1342,4,1,8,80
1467,5,0,8,95
1432,5,0,8,100
1354,4,1,8,84
1372,4,1,6,75
1369,4,1,8,81
1483,5,0,8,95
1411,5,0,6,87
1478,5,0,7,93
1412,5,0,7,93
1401,5,0,6,87
1444,5,0,7,95
1311,4,1,7,76
1489,5,0,6,85
1340,4,1,6,71
1420,5,0,7,94
1394,4,1,6,74
1436,5,0,6,87
1481,5,0,6,88
1315,4,1,7,79
1495,5,0,6,88
1433,5,0,8,95
1449,5,0,8,99
1488,5,0,7,93
1429,5,0,8,98
1362,4,1,6,71
1418,5,0,7,90
1346,4,1,6,71
1411,5,0,7,91
1366,4,1,6,75
1423,5,0,7,92
1391,4,1,6,74
1356,4,1,7,77
1342,4,1,7,79
1403,5,0,8,100
